7.8591,7.8409,7.7866,7.6964,7.5706,7.4097,7.2144,6.9854,6.7237,6.4303,6.1065,5.7535,5.3727,4.9656,4.534,4.0796,3.6041,3.1095,2.5978,2.071,1.5313,0.98089,0.42189,-0.1434,-0.71271,-1.2837,-1.8542,-2.4218,-2.9842,-3.5392,-4.0846,-4.618,-5.1375,-5.6409,-6.1262,-6.5914,-7.0347,-7.4542,-7.8483,-8.2154,-8.554,-8.8628,-9.1405,-9.3859,-9.5982,-9.7764,-9.9198,-10.028,-10.1,-10.136,-10.136,-10.1,-10.028,-9.9198,-9.7764,-9.5982,-9.3859,-9.1405,-8.8628,-8.554,-8.2154,-7.8483,-7.4542,-7.0347,-6.5914,-6.1262,-5.6409,-5.1375,-4.618,-4.0846,-3.5392,-2.9842,-2.4218,-1.8542,-1.2837,-0.71271,-0.1434,0.42189,0.98089,1.5313,2.071,2.5978,3.1095,3.6041,4.0796,4.534,4.9656,5.3727,5.7535,6.1065,6.4303,6.7237,6.9854,7.2144,7.4097,7.5706,7.6964,7.7866,7.8409,7.8591
7.4365,7.4184,7.3641,7.2739,7.148,6.9871,6.7918,6.5628,6.3012,6.0078,5.6839,5.3309,4.9501,4.5431,4.1115,3.657,3.1815,2.6869,2.1752,1.6485,1.1088,0.55834,-0.0006581,-0.56595,-1.1353,-1.7063,-2.2767,-2.8443,-3.4068,-3.9618,-4.5071,-5.0406,-5.5601,-6.0635,-6.5488,-7.014,-7.4572,-7.8768,-8.2709,-8.638,-8.9766,-9.2853,-9.563,-9.8085,-10.021,-10.199,-10.342,-10.45,-10.523,-10.559,-10.559,-10.523,-10.45,-10.342,-10.199,-10.021,-9.8085,-9.563,-9.2853,-8.9766,-8.638,-8.2709,-7.8768,-7.4572,-7.014,-6.5488,-6.0635,-5.5601,-5.0406,-4.5071,-3.9618,-3.4068,-2.8443,-2.2767,-1.7063,-1.1353,-0.56595,-0.0006581,0.55834,1.1088,1.6485,2.1752,2.6869,3.1815,3.657,4.1115,4.5431,4.9501,5.3309,5.6839,6.0078,6.3012,6.5628,6.7918,6.9871,7.148,7.2739,7.3641,7.4184,7.4365
6.819,6.8009,6.7466,6.6564,6.5306,6.3697,6.1743,5.9454,5.6837,5.3903,5.0664,4.7134,4.3326,3.9256,3.494,3.0395,2.564,2.0695,1.5577,1.031,0.4913,-0.059156,-0.61815,-1.1834,-1.7527,-2.3238,-2.8942,-3.4618,-4.0242,-4.5793,-5.1246,-5.6581,-6.1776,-6.681,-7.1663,-7.6315,-8.0747,-8.4943,-8.8884,-9.2555,-9.5941,-9.9028,-10.181,-10.426,-10.638,-10.816,-10.96,-11.068,-11.14,-11.176,-11.176,-11.14,-11.068,-10.96,-10.816,-10.638,-10.426,-10.181,-9.9028,-9.5941,-9.2555,-8.8884,-8.4943,-8.0747,-7.6315,-7.1663,-6.681,-6.1776,-5.6581,-5.1246,-4.5793,-4.0242,-3.4618,-2.8942,-2.3238,-1.7527,-1.1834,-0.61815,-0.059156,0.4913,1.031,1.5577,2.0695,2.564,3.0395,3.494,3.9256,4.3326,4.7134,5.0664,5.3903,5.6837,5.9454,6.1743,6.3697,6.5306,6.6564,6.7466,6.8009,6.819
6.2486,6.2305,6.1762,6.086,5.9601,5.7993,5.6039,5.3749,5.1133,4.8199,4.496,4.143,3.7622,3.3552,2.9236,2.4691,1.9936,1.4991,0.98735,0.46059,-0.079106,-0.62956,-1.1886,-1.7538,-2.3232,-2.8942,-3.4646,-4.0322,-4.5946,-5.1497,-5.695,-6.2285,-6.748,-7.2514,-7.7367,-8.2019,-8.6451,-9.0647,-9.4588,-9.8259,-10.164,-10.473,-10.751,-10.996,-11.209,-11.387,-11.53,-11.638,-11.711,-11.747,-11.747,-11.711,-11.638,-11.53,-11.387,-11.209,-10.996,-10.751,-10.473,-10.164,-9.8259,-9.4588,-9.0647,-8.6451,-8.2019,-7.7367,-7.2514,-6.748,-6.2285,-5.695,-5.1497,-4.5946,-4.0322,-3.4646,-2.8942,-2.3232,-1.7538,-1.1886,-0.62956,-0.079106,0.46059,0.98735,1.4991,1.9936,2.4691,2.9236,3.3552,3.7622,4.143,4.496,4.8199,5.1133,5.3749,5.6039,5.7993,5.9601,6.086,6.1762,6.2305,6.2486
6.3658,6.3477,6.2934,6.2032,6.0774,5.9165,5.7211,5.4922,5.2305,4.9371,4.6133,4.2602,3.8794,3.4724,3.0408,2.5863,2.1109,1.6163,1.1046,0.57781,0.038121,-0.51233,-1.0713,-1.6366,-2.2059,-2.777,-3.3474,-3.915,-4.4774,-5.0324,-5.5778,-6.1113,-6.6308,-7.1342,-7.6194,-8.0846,-8.5279,-8.9474,-9.3415,-9.7086,-10.047,-10.356,-10.634,-10.879,-11.091,-11.27,-11.413,-11.521,-11.593,-11.63,-11.63,-11.593,-11.521,-11.413,-11.27,-11.091,-10.879,-10.634,-10.356,-10.047,-9.7086,-9.3415,-8.9474,-8.5279,-8.0846,-7.6194,-7.1342,-6.6308,-6.1113,-5.5778,-5.0324,-4.4774,-3.915,-3.3474,-2.777,-2.2059,-1.6366,-1.0713,-0.51233,0.038121,0.57781,1.1046,1.6163,2.1109,2.5863,3.0408,3.4724,3.8794,4.2602,4.6133,4.9371,5.2305,5.4922,5.7211,5.9165,6.0774,6.2032,6.2934,6.3477,6.3658
6.0981,6.08,6.0257,5.9355,5.8097,5.6488,5.4534,5.2245,4.9628,4.6694,4.3456,3.9925,3.6117,3.2047,2.7731,2.3186,1.8431,1.3486,0.83686,0.3101,-0.2296,-0.78005,-1.339,-1.9043,-2.4736,-3.0447,-3.6151,-4.1827,-4.7451,-5.3001,-5.8455,-6.379,-6.8985,-7.4019,-7.8872,-8.3524,-8.7956,-9.2152,-9.6093,-9.9764,-10.315,-10.624,-10.901,-11.147,-11.359,-11.537,-11.681,-11.789,-11.861,-11.897,-11.897,-11.861,-11.789,-11.681,-11.537,-11.359,-11.147,-10.901,-10.624,-10.315,-9.9764,-9.6093,-9.2152,-8.7956,-8.3524,-7.8872,-7.4019,-6.8985,-6.379,-5.8455,-5.3001,-4.7451,-4.1827,-3.6151,-3.0447,-2.4736,-1.9043,-1.339,-0.78005,-0.2296,0.3101,0.83686,1.3486,1.8431,2.3186,2.7731,3.2047,3.6117,3.9925,4.3456,4.6694,4.9628,5.2245,5.4534,5.6488,5.8097,5.9355,6.0257,6.08,6.0981
5.8725,5.8544,5.8001,5.7098,5.584,5.4231,5.2278,4.9988,4.7371,4.4438,4.1199,3.7669,3.3861,2.9791,2.5474,2.093,1.6175,1.1229,0.61121,0.084448,-0.45524,-1.0057,-1.5647,-2.13,-2.6993,-3.2703,-3.8408,-4.4084,-4.9708,-5.5258,-6.0711,-6.6046,-7.1241,-7.6275,-8.1128,-8.578,-9.0213,-9.4408,-9.8349,-10.202,-10.541,-10.849,-11.127,-11.373,-11.585,-11.763,-11.906,-12.014,-12.087,-12.123,-12.123,-12.087,-12.014,-11.906,-11.763,-11.585,-11.373,-11.127,-10.849,-10.541,-10.202,-9.8349,-9.4408,-9.0213,-8.578,-8.1128,-7.6275,-7.1241,-6.6046,-6.0711,-5.5258,-4.9708,-4.4084,-3.8408,-3.2703,-2.6993,-2.13,-1.5647,-1.0057,-0.45524,0.084448,0.61121,1.1229,1.6175,2.093,2.5474,2.9791,3.3861,3.7669,4.1199,4.4438,4.7371,4.9988,5.2278,5.4231,5.584,5.7098,5.8001,5.8544,5.8725
5.5078,5.4897,5.4354,5.3452,5.2193,5.0584,4.8631,4.6341,4.3724,4.0791,3.7552,3.4022,3.0214,2.6144,2.1828,1.7283,1.2528,0.75823,0.24653,-0.28023,-0.81992,-1.3704,-1.9294,-2.4947,-3.064,-3.635,-4.2055,-4.773,-5.3355,-5.8905,-6.4358,-6.9693,-7.4888,-7.9922,-8.4775,-8.9427,-9.386,-9.8055,-10.2,-10.567,-10.905,-11.214,-11.492,-11.737,-11.949,-12.128,-12.271,-12.379,-12.451,-12.488,-12.488,-12.451,-12.379,-12.271,-12.128,-11.949,-11.737,-11.492,-11.214,-10.905,-10.567,-10.2,-9.8055,-9.386,-8.9427,-8.4775,-7.9922,-7.4888,-6.9693,-6.4358,-5.8905,-5.3355,-4.773,-4.2055,-3.635,-3.064,-2.4947,-1.9294,-1.3704,-0.81992,-0.28023,0.24653,0.75823,1.2528,1.7283,2.1828,2.6144,3.0214,3.4022,3.7552,4.0791,4.3724,4.6341,4.8631,5.0584,5.2193,5.3452,5.4354,5.4897,5.5078
5.291,5.2729,5.2186,5.1284,5.0026,4.8417,4.6464,4.4174,4.1557,3.8623,3.5385,3.1854,2.8047,2.3976,1.966,1.5116,1.0361,0.54149,0.029782,-0.49698,-1.0367,-1.5871,-2.1461,-2.7114,-3.2807,-3.8517,-4.4222,-4.9898,-5.5522,-6.1072,-6.6526,-7.1861,-7.7056,-8.209,-8.6942,-9.1594,-9.6027,-10.022,-10.416,-10.783,-11.122,-11.431,-11.708,-11.954,-12.166,-12.344,-12.488,-12.596,-12.668,-12.704,-12.704,-12.668,-12.596,-12.488,-12.344,-12.166,-11.954,-11.708,-11.431,-11.122,-10.783,-10.416,-10.022,-9.6027,-9.1594,-8.6942,-8.209,-7.7056,-7.1861,-6.6526,-6.1072,-5.5522,-4.9898,-4.4222,-3.8517,-3.2807,-2.7114,-2.1461,-1.5871,-1.0367,-0.49698,0.029782,0.54149,1.0361,1.5116,1.966,2.3976,2.8047,3.1854,3.5385,3.8623,4.1557,4.4174,4.6464,4.8417,5.0026,5.1284,5.2186,5.2729,5.291
5.0999,5.0818,5.0275,4.9373,4.8115,4.6506,4.4553,4.2263,3.9646,3.6712,3.3474,2.9943,2.6136,2.2065,1.7749,1.3205,0.84498,0.35039,-0.16132,-0.68808,-1.2278,-1.7782,-2.3372,-2.9025,-3.4718,-4.0428,-4.6133,-5.1809,-5.7433,-6.2983,-6.8437,-7.3772,-7.8967,-8.4001,-8.8853,-9.3505,-9.7938,-10.213,-10.607,-10.975,-11.313,-11.622,-11.9,-12.145,-12.357,-12.535,-12.679,-12.787,-12.859,-12.896,-12.896,-12.859,-12.787,-12.679,-12.535,-12.357,-12.145,-11.9,-11.622,-11.313,-10.975,-10.607,-10.213,-9.7938,-9.3505,-8.8853,-8.4001,-7.8967,-7.3772,-6.8437,-6.2983,-5.7433,-5.1809,-4.6133,-4.0428,-3.4718,-2.9025,-2.3372,-1.7782,-1.2278,-0.68808,-0.16132,0.35039,0.84498,1.3205,1.7749,2.2065,2.6136,2.9943,3.3474,3.6712,3.9646,4.2263,4.4553,4.6506,4.8115,4.9373,5.0275,5.0818,5.0999
4.9489,4.9308,4.8765,4.7862,4.6604,4.4995,4.3042,4.0752,3.8135,3.5202,3.1963,2.8433,2.4625,2.0555,1.6239,1.1694,0.69392,0.19933,-0.31238,-0.83913,-1.3788,-1.9293,-2.4883,-3.0536,-3.6229,-4.1939,-4.7644,-5.3319,-5.8944,-6.4494,-6.9947,-7.5282,-8.0477,-8.5511,-9.0364,-9.5016,-9.9449,-10.364,-10.758,-11.126,-11.464,-11.773,-12.051,-12.296,-12.508,-12.687,-12.83,-12.938,-13.01,-13.047,-13.047,-13.01,-12.938,-12.83,-12.687,-12.508,-12.296,-12.051,-11.773,-11.464,-11.126,-10.758,-10.364,-9.9449,-9.5016,-9.0364,-8.5511,-8.0477,-7.5282,-6.9947,-6.4494,-5.8944,-5.3319,-4.7644,-4.1939,-3.6229,-3.0536,-2.4883,-1.9293,-1.3788,-0.83913,-0.31238,0.19933,0.69392,1.1694,1.6239,2.0555,2.4625,2.8433,3.1963,3.5202,3.8135,4.0752,4.3042,4.4995,4.6604,4.7862,4.8765,4.9308,4.9489
4.4923,4.4742,4.4199,4.3297,4.2039,4.043,3.8476,3.6187,3.357,3.0636,2.7398,2.3867,2.0059,1.5989,1.1673,0.71284,0.23736,-0.25723,-0.76893,-1.2957,-1.8354,-2.3858,-2.9448,-3.5101,-4.0794,-4.6505,-5.2209,-5.7885,-6.3509,-6.9059,-7.4513,-7.9848,-8.5043,-9.0077,-9.493,-9.9582,-10.401,-10.821,-11.215,-11.582,-11.921,-12.23,-12.507,-12.753,-12.965,-13.143,-13.287,-13.395,-13.467,-13.503,-13.503,-13.467,-13.395,-13.287,-13.143,-12.965,-12.753,-12.507,-12.23,-11.921,-11.582,-11.215,-10.821,-10.401,-9.9582,-9.493,-9.0077,-8.5043,-7.9848,-7.4513,-6.9059,-6.3509,-5.7885,-5.2209,-4.6505,-4.0794,-3.5101,-2.9448,-2.3858,-1.8354,-1.2957,-0.76893,-0.25723,0.23736,0.71284,1.1673,1.5989,2.0059,2.3867,2.7398,3.0636,3.357,3.6187,3.8476,4.043,4.2039,4.3297,4.4199,4.4742,4.4923
4.0928,4.0747,4.0204,3.9301,3.8043,3.6434,3.4481,3.2191,2.9574,2.6641,2.3402,1.9872,1.6064,1.1994,0.76775,0.31329,-0.16219,-0.65678,-1.1685,-1.6952,-2.2349,-2.7854,-3.3444,-3.9097,-4.479,-5.05,-5.6205,-6.1881,-6.7505,-7.3055,-7.8508,-8.3843,-8.9038,-9.4072,-9.8925,-10.358,-10.801,-11.22,-11.615,-11.982,-12.32,-12.629,-12.907,-13.152,-13.364,-13.543,-13.686,-13.794,-13.866,-13.903,-13.903,-13.866,-13.794,-13.686,-13.543,-13.364,-13.152,-12.907,-12.629,-12.32,-11.982,-11.615,-11.22,-10.801,-10.358,-9.8925,-9.4072,-8.9038,-8.3843,-7.8508,-7.3055,-6.7505,-6.1881,-5.6205,-5.05,-4.479,-3.9097,-3.3444,-2.7854,-2.2349,-1.6952,-1.1685,-0.65678,-0.16219,0.31329,0.76775,1.1994,1.6064,1.9872,2.3402,2.6641,2.9574,3.2191,3.4481,3.6434,3.8043,3.9301,4.0204,4.0747,4.0928
3.577,3.5588,3.5046,3.4143,3.2885,3.1276,2.9323,2.7033,2.4416,2.1482,1.8244,1.4714,1.0906,0.68354,0.25193,-0.20253,-0.67801,-1.1726,-1.6843,-2.2111,-2.7508,-3.3012,-3.8602,-4.4255,-4.9948,-5.5658,-6.1363,-6.7039,-7.2663,-7.8213,-8.3667,-8.9001,-9.4196,-9.923,-10.408,-10.874,-11.317,-11.736,-12.13,-12.498,-12.836,-13.145,-13.423,-13.668,-13.88,-14.058,-14.202,-14.31,-14.382,-14.419,-14.419,-14.382,-14.31,-14.202,-14.058,-13.88,-13.668,-13.423,-13.145,-12.836,-12.498,-12.13,-11.736,-11.317,-10.874,-10.408,-9.923,-9.4196,-8.9001,-8.3667,-7.8213,-7.2663,-6.7039,-6.1363,-5.5658,-4.9948,-4.4255,-3.8602,-3.3012,-2.7508,-2.2111,-1.6843,-1.1726,-0.67801,-0.20253,0.25193,0.68354,1.0906,1.4714,1.8244,2.1482,2.4416,2.7033,2.9323,3.1276,3.2885,3.4143,3.5046,3.5588,3.577
3.1526,3.1344,3.0801,2.9899,2.8641,2.7032,2.5079,2.2789,2.0172,1.7238,1.4,1.047,0.66616,0.25914,-0.17247,-0.62694,-1.1024,-1.597,-2.1087,-2.6355,-3.1752,-3.7256,-4.2846,-4.8499,-5.4192,-5.9902,-6.5607,-7.1283,-7.6907,-8.2457,-8.7911,-9.3246,-9.844,-10.347,-10.833,-11.298,-11.741,-12.161,-12.555,-12.922,-13.261,-13.569,-13.847,-14.092,-14.305,-14.483,-14.626,-14.734,-14.807,-14.843,-14.843,-14.807,-14.734,-14.626,-14.483,-14.305,-14.092,-13.847,-13.569,-13.261,-12.922,-12.555,-12.161,-11.741,-11.298,-10.833,-10.347,-9.844,-9.3246,-8.7911,-8.2457,-7.6907,-7.1283,-6.5607,-5.9902,-5.4192,-4.8499,-4.2846,-3.7256,-3.1752,-2.6355,-2.1087,-1.597,-1.1024,-0.62694,-0.17247,0.25914,0.66616,1.047,1.4,1.7238,2.0172,2.2789,2.5079,2.7032,2.8641,2.9899,3.0801,3.1344,3.1526
2.9471,2.929,2.8747,2.7845,2.6587,2.4978,2.3024,2.0735,1.8118,1.5184,1.1945,0.84151,0.46072,0.053697,-0.37791,-0.83238,-1.3079,-1.8024,-2.3142,-2.8409,-3.3806,-3.9311,-4.4901,-5.0553,-5.6247,-6.1957,-6.7661,-7.3337,-7.8961,-8.4512,-8.9965,-9.53,-10.049,-10.553,-11.038,-11.503,-11.947,-12.366,-12.76,-13.127,-13.466,-13.775,-14.052,-14.298,-14.51,-14.688,-14.832,-14.94,-15.012,-15.048,-15.048,-15.012,-14.94,-14.832,-14.688,-14.51,-14.298,-14.052,-13.775,-13.466,-13.127,-12.76,-12.366,-11.947,-11.503,-11.038,-10.553,-10.049,-9.53,-8.9965,-8.4512,-7.8961,-7.3337,-6.7661,-6.1957,-5.6247,-5.0553,-4.4901,-3.9311,-3.3806,-2.8409,-2.3142,-1.8024,-1.3079,-0.83238,-0.37791,0.053697,0.46072,0.84151,1.1945,1.5184,1.8118,2.0735,2.3024,2.4978,2.6587,2.7845,2.8747,2.929,2.9471
3.038,3.0199,2.9656,2.8753,2.7495,2.5886,2.3933,2.1643,1.9026,1.6093,1.2854,0.93238,0.55158,0.14456,-0.28705,-0.74151,-1.217,-1.7116,-2.2233,-2.75,-3.2897,-3.8402,-4.3992,-4.9645,-5.5338,-6.1048,-6.6753,-7.2429,-7.8053,-8.3603,-8.9056,-9.4391,-9.9586,-10.462,-10.947,-11.413,-11.856,-12.275,-12.669,-13.037,-13.375,-13.684,-13.962,-14.207,-14.419,-14.597,-14.741,-14.849,-14.921,-14.957,-14.957,-14.921,-14.849,-14.741,-14.597,-14.419,-14.207,-13.962,-13.684,-13.375,-13.037,-12.669,-12.275,-11.856,-11.413,-10.947,-10.462,-9.9586,-9.4391,-8.9056,-8.3603,-7.8053,-7.2429,-6.6753,-6.1048,-5.5338,-4.9645,-4.3992,-3.8402,-3.2897,-2.75,-2.2233,-1.7116,-1.217,-0.74151,-0.28705,0.14456,0.55158,0.93238,1.2854,1.6093,1.9026,2.1643,2.3933,2.5886,2.7495,2.8753,2.9656,3.0199,3.038
3.223,3.2049,3.1506,3.0604,2.9345,2.7736,2.5783,2.3493,2.0877,1.7943,1.4704,1.1174,0.73661,0.32959,-0.10202,-0.55648,-1.032,-1.5266,-2.0383,-2.565,-3.1047,-3.6552,-4.2142,-4.7794,-5.3488,-5.9198,-6.4902,-7.0578,-7.6203,-8.1753,-8.7206,-9.2541,-9.7736,-10.277,-10.762,-11.227,-11.671,-12.09,-12.484,-12.851,-13.19,-13.499,-13.777,-14.022,-14.234,-14.412,-14.556,-14.664,-14.736,-14.772,-14.772,-14.736,-14.664,-14.556,-14.412,-14.234,-14.022,-13.777,-13.499,-13.19,-12.851,-12.484,-12.09,-11.671,-11.227,-10.762,-10.277,-9.7736,-9.2541,-8.7206,-8.1753,-7.6203,-7.0578,-6.4902,-5.9198,-5.3488,-4.7794,-4.2142,-3.6552,-3.1047,-2.565,-2.0383,-1.5266,-1.032,-0.55648,-0.10202,0.32959,0.73661,1.1174,1.4704,1.7943,2.0877,2.3493,2.5783,2.7736,2.9345,3.0604,3.1506,3.2049,3.223
3.8004,3.7823,3.728,3.6378,3.512,3.3511,3.1557,2.9268,2.6651,2.3717,2.0479,1.6948,1.314,0.90701,0.4754,0.020942,-0.45454,-0.94913,-1.4608,-1.9876,-2.5273,-3.0777,-3.6367,-4.202,-4.7713,-5.3424,-5.9128,-6.4804,-7.0428,-7.5978,-8.1432,-8.6767,-9.1962,-9.6996,-10.185,-10.65,-11.093,-11.513,-11.907,-12.274,-12.613,-12.921,-13.199,-13.445,-13.657,-13.835,-13.978,-14.087,-14.159,-14.195,-14.195,-14.159,-14.087,-13.978,-13.835,-13.657,-13.445,-13.199,-12.921,-12.613,-12.274,-11.907,-11.513,-11.093,-10.65,-10.185,-9.6996,-9.1962,-8.6767,-8.1432,-7.5978,-7.0428,-6.4804,-5.9128,-5.3424,-4.7713,-4.202,-3.6367,-3.0777,-2.5273,-1.9876,-1.4608,-0.94913,-0.45454,0.020942,0.4754,0.90701,1.314,1.6948,2.0479,2.3717,2.6651,2.9268,3.1557,3.3511,3.512,3.6378,3.728,3.7823,3.8004
4.4292,4.4111,4.3568,4.2665,4.1407,3.9798,3.7845,3.5555,3.2938,3.0005,2.6766,2.3236,1.9428,1.5358,1.1042,0.6497,0.17422,-0.32037,-0.83208,-1.3588,-1.8985,-2.449,-3.008,-3.5733,-4.1426,-4.7136,-5.2841,-5.8516,-6.4141,-6.9691,-7.5144,-8.0479,-8.5674,-9.0708,-9.5561,-10.021,-10.465,-10.884,-11.278,-11.645,-11.984,-12.293,-12.57,-12.816,-13.028,-13.206,-13.35,-13.458,-13.53,-13.566,-13.566,-13.53,-13.458,-13.35,-13.206,-13.028,-12.816,-12.57,-12.293,-11.984,-11.645,-11.278,-10.884,-10.465,-10.021,-9.5561,-9.0708,-8.5674,-8.0479,-7.5144,-6.9691,-6.4141,-5.8516,-5.2841,-4.7136,-4.1426,-3.5733,-3.008,-2.449,-1.8985,-1.3588,-0.83208,-0.32037,0.17422,0.6497,1.1042,1.5358,1.9428,2.3236,2.6766,3.0005,3.2938,3.5555,3.7845,3.9798,4.1407,4.2665,4.3568,4.4111,4.4292
4.9736,4.9554,4.9011,4.8109,4.6851,4.5242,4.3289,4.0999,3.8382,3.5448,3.221,2.868,2.4872,2.0801,1.6485,1.1941,0.71858,0.22399,-0.28771,-0.81447,-1.3542,-1.9046,-2.4636,-3.0289,-3.5982,-4.1692,-4.7397,-5.3073,-5.8697,-6.4247,-6.9701,-7.5036,-8.023,-8.5264,-9.0117,-9.4769,-9.9202,-10.34,-10.734,-11.101,-11.44,-11.748,-12.026,-12.271,-12.484,-12.662,-12.805,-12.913,-12.986,-13.022,-13.022,-12.986,-12.913,-12.805,-12.662,-12.484,-12.271,-12.026,-11.748,-11.44,-11.101,-10.734,-10.34,-9.9202,-9.4769,-9.0117,-8.5264,-8.023,-7.5036,-6.9701,-6.4247,-5.8697,-5.3073,-4.7397,-4.1692,-3.5982,-3.0289,-2.4636,-1.9046,-1.3542,-0.81447,-0.28771,0.22399,0.71858,1.1941,1.6485,2.0801,2.4872,2.868,3.221,3.5448,3.8382,4.0999,4.3289,4.5242,4.6851,4.8109,4.9011,4.9554,4.9736
5.3656,5.3474,5.2932,5.2029,5.0771,4.9162,4.7209,4.4919,4.2302,3.9368,3.613,3.26,2.8792,2.4721,2.0405,1.5861,1.1106,0.616,0.1043,-0.42246,-0.96215,-1.5126,-2.0716,-2.6369,-3.2062,-3.7772,-4.3477,-4.9153,-5.4777,-6.0327,-6.578,-7.1115,-7.631,-8.1344,-8.6197,-9.0849,-9.5282,-9.9477,-10.342,-10.709,-11.048,-11.356,-11.634,-11.879,-12.092,-12.27,-12.413,-12.521,-12.594,-12.63,-12.63,-12.594,-12.521,-12.413,-12.27,-12.092,-11.879,-11.634,-11.356,-11.048,-10.709,-10.342,-9.9477,-9.5282,-9.0849,-8.6197,-8.1344,-7.631,-7.1115,-6.578,-6.0327,-5.4777,-4.9153,-4.3477,-3.7772,-3.2062,-2.6369,-2.0716,-1.5126,-0.96215,-0.42246,0.1043,0.616,1.1106,1.5861,2.0405,2.4721,2.8792,3.26,3.613,3.9368,4.2302,4.4919,4.7209,4.9162,5.0771,5.2029,5.2932,5.3474,5.3656
5.887,5.8689,5.8146,5.7244,5.5985,5.4376,5.2423,5.0133,4.7517,4.4583,4.1344,3.7814,3.4006,2.9936,2.562,2.1075,1.632,1.1374,0.62574,0.098983,-0.44071,-0.99116,-1.5502,-2.1154,-2.6848,-3.2558,-3.8262,-4.3938,-4.9563,-5.5113,-6.0566,-6.5901,-7.1096,-7.613,-8.0983,-8.5635,-9.0067,-9.4263,-9.8204,-10.187,-10.526,-10.835,-11.113,-11.358,-11.57,-11.748,-11.892,-12,-12.072,-12.108,-12.108,-12.072,-12,-11.892,-11.748,-11.57,-11.358,-11.113,-10.835,-10.526,-10.187,-9.8204,-9.4263,-9.0067,-8.5635,-8.0983,-7.613,-7.1096,-6.5901,-6.0566,-5.5113,-4.9563,-4.3938,-3.8262,-3.2558,-2.6848,-2.1154,-1.5502,-0.99116,-0.44071,0.098983,0.62574,1.1374,1.632,2.1075,2.562,2.9936,3.4006,3.7814,4.1344,4.4583,4.7517,5.0133,5.2423,5.4376,5.5985,5.7244,5.8146,5.8689,5.887
6.7885,6.7704,6.7161,6.6259,6.5001,6.3392,6.1439,5.9149,5.6532,5.3598,5.036,4.6829,4.3022,3.8951,3.4635,3.0091,2.5336,2.039,1.5273,1.0005,0.46083,-0.089621,-0.64862,-1.2139,-1.7832,-2.3542,-2.9247,-3.4923,-4.0547,-4.6097,-5.1551,-5.6886,-6.2081,-6.7115,-7.1967,-7.6619,-8.1052,-8.5247,-8.9188,-9.2859,-9.6245,-9.9333,-10.211,-10.456,-10.669,-10.847,-10.99,-11.098,-11.171,-11.207,-11.207,-11.171,-11.098,-10.99,-10.847,-10.669,-10.456,-10.211,-9.9333,-9.6245,-9.2859,-8.9188,-8.5247,-8.1052,-7.6619,-7.1967,-6.7115,-6.2081,-5.6886,-5.1551,-4.6097,-4.0547,-3.4923,-2.9247,-2.3542,-1.7832,-1.2139,-0.64862,-0.089621,0.46083,1.0005,1.5273,2.039,2.5336,3.0091,3.4635,3.8951,4.3022,4.6829,5.036,5.3598,5.6532,5.9149,6.1439,6.3392,6.5001,6.6259,6.7161,6.7704,6.7885
7.3797,7.3616,7.3073,7.217,7.0912,6.9303,6.735,6.506,6.2443,5.951,5.6271,5.2741,4.8933,4.4863,4.0546,3.6002,3.1247,2.6301,2.1184,1.5917,1.052,0.5015,-0.057492,-0.62278,-1.1921,-1.7631,-2.3336,-2.9012,-3.4636,-4.0186,-4.5639,-5.0974,-5.6169,-6.1203,-6.6056,-7.0708,-7.5141,-7.9336,-8.3277,-8.6948,-9.0334,-9.3422,-9.6198,-9.8653,-10.078,-10.256,-10.399,-10.507,-10.58,-10.616,-10.616,-10.58,-10.507,-10.399,-10.256,-10.078,-9.8653,-9.6198,-9.3422,-9.0334,-8.6948,-8.3277,-7.9336,-7.5141,-7.0708,-6.6056,-6.1203,-5.6169,-5.0974,-4.5639,-4.0186,-3.4636,-2.9012,-2.3336,-1.7631,-1.1921,-0.62278,-0.057492,0.5015,1.052,1.5917,2.1184,2.6301,3.1247,3.6002,4.0546,4.4863,4.8933,5.2741,5.6271,5.951,6.2443,6.506,6.735,6.9303,7.0912,7.217,7.3073,7.3616,7.3797
8.1237,8.1056,8.0513,7.961,7.8352,7.6743,7.479,7.25,6.9883,6.695,6.3711,6.0181,5.6373,5.2303,4.7987,4.3442,3.8687,3.3741,2.8624,2.3357,1.796,1.2455,0.68652,0.12123,-0.44808,-1.0191,-1.5896,-2.1571,-2.7196,-3.2746,-3.8199,-4.3534,-4.8729,-5.3763,-5.8616,-6.3268,-6.7701,-7.1896,-7.5837,-7.9508,-8.2894,-8.5982,-8.8758,-9.1213,-9.3335,-9.5118,-9.6552,-9.7633,-9.8356,-9.8718,-9.8718,-9.8356,-9.7633,-9.6552,-9.5118,-9.3335,-9.1213,-8.8758,-8.5982,-8.2894,-7.9508,-7.5837,-7.1896,-6.7701,-6.3268,-5.8616,-5.3763,-4.8729,-4.3534,-3.8199,-3.2746,-2.7196,-2.1571,-1.5896,-1.0191,-0.44808,0.12123,0.68652,1.2455,1.796,2.3357,2.8624,3.3741,3.8687,4.3442,4.7987,5.2303,5.6373,6.0181,6.3711,6.695,6.9883,7.25,7.479,7.6743,7.8352,7.961,8.0513,8.1056,8.1237
8.3068,8.2887,8.2344,8.1442,8.0183,7.8574,7.6621,7.4331,7.1714,6.8781,6.5542,6.2012,5.8204,5.4134,4.9818,4.5273,4.0518,3.5572,3.0455,2.5188,1.9791,1.4286,0.86963,0.30434,-0.26497,-0.836,-1.4065,-1.974,-2.5365,-3.0915,-3.6368,-4.1703,-4.6898,-5.1932,-5.6785,-6.1437,-6.587,-7.0065,-7.4006,-7.7677,-8.1063,-8.4151,-8.6927,-8.9382,-9.1504,-9.3286,-9.4721,-9.5802,-9.6525,-9.6887,-9.6887,-9.6525,-9.5802,-9.4721,-9.3286,-9.1504,-8.9382,-8.6927,-8.4151,-8.1063,-7.7677,-7.4006,-7.0065,-6.587,-6.1437,-5.6785,-5.1932,-4.6898,-4.1703,-3.6368,-3.0915,-2.5365,-1.974,-1.4065,-0.836,-0.26497,0.30434,0.86963,1.4286,1.9791,2.5188,3.0455,3.5572,4.0518,4.5273,4.9818,5.4134,5.8204,6.2012,6.5542,6.8781,7.1714,7.4331,7.6621,7.8574,8.0183,8.1442,8.2344,8.2887,8.3068
8.9954,8.9773,8.923,8.8328,8.707,8.5461,8.3507,8.1218,7.8601,7.5667,7.2429,6.8898,6.509,6.102,5.6704,5.2159,4.7404,4.2459,3.7342,3.2074,2.6677,2.1172,1.5583,0.99296,0.42366,-0.14737,-0.71783,-1.2854,-1.8478,-2.4028,-2.9482,-3.4817,-4.0012,-4.5046,-4.9899,-5.4551,-5.8983,-6.3179,-6.712,-7.0791,-7.4177,-7.7264,-8.0041,-8.2496,-8.4618,-8.64,-8.7834,-8.8915,-8.9638,-9,-9,-8.9638,-8.8915,-8.7834,-8.64,-8.4618,-8.2496,-8.0041,-7.7264,-7.4177,-7.0791,-6.712,-6.3179,-5.8983,-5.4551,-4.9899,-4.5046,-4.0012,-3.4817,-2.9482,-2.4028,-1.8478,-1.2854,-0.71783,-0.14737,0.42366,0.99296,1.5583,2.1172,2.6677,3.2074,3.7342,4.2459,4.7404,5.2159,5.6704,6.102,6.509,6.8898,7.2429,7.5667,7.8601,8.1218,8.3507,8.5461,8.707,8.8328,8.923,8.9773,8.9954
9.4404,9.4223,9.368,9.2778,9.1519,8.991,8.7957,8.5667,8.3051,8.0117,7.6878,7.3348,6.954,6.547,6.1154,5.6609,5.1854,4.6908,4.1791,3.6524,3.1127,2.5622,2.0032,1.438,0.86865,0.29762,-0.27284,-0.84042,-1.4029,-1.9579,-2.5032,-3.0367,-3.5562,-4.0596,-4.5449,-5.0101,-5.4533,-5.8729,-6.267,-6.6341,-6.9727,-7.2814,-7.5591,-7.8046,-8.0168,-8.195,-8.3385,-8.4465,-8.5188,-8.5551,-8.5551,-8.5188,-8.4465,-8.3385,-8.195,-8.0168,-7.8046,-7.5591,-7.2814,-6.9727,-6.6341,-6.267,-5.8729,-5.4533,-5.0101,-4.5449,-4.0596,-3.5562,-3.0367,-2.5032,-1.9579,-1.4029,-0.84042,-0.27284,0.29762,0.86865,1.438,2.0032,2.5622,3.1127,3.6524,4.1791,4.6908,5.1854,5.6609,6.1154,6.547,6.954,7.3348,7.6878,8.0117,8.3051,8.5667,8.7957,8.991,9.1519,9.2778,9.368,9.4223,9.4404
9.6742,9.6561,9.6018,9.5116,9.3858,9.2249,9.0295,8.8006,8.5389,8.2455,7.9217,7.5686,7.1878,6.7808,6.3492,5.8948,5.4193,4.9247,4.413,3.8862,3.3465,2.7961,2.2371,1.6718,1.1025,0.53144,-0.039011,-0.6066,-1.169,-1.724,-2.2694,-2.8029,-3.3224,-3.8258,-4.311,-4.7762,-5.2195,-5.639,-6.0331,-6.4002,-6.7389,-7.0476,-7.3253,-7.5707,-7.783,-7.9612,-8.1046,-8.2127,-8.285,-8.3212,-8.3212,-8.285,-8.2127,-8.1046,-7.9612,-7.783,-7.5707,-7.3253,-7.0476,-6.7389,-6.4002,-6.0331,-5.639,-5.2195,-4.7762,-4.311,-3.8258,-3.3224,-2.8029,-2.2694,-1.724,-1.169,-0.6066,-0.039011,0.53144,1.1025,1.6718,2.2371,2.7961,3.3465,3.8862,4.413,4.9247,5.4193,5.8948,6.3492,6.7808,7.1878,7.5686,7.9217,8.2455,8.5389,8.8006,9.0295,9.2249,9.3858,9.5116,9.6018,9.6561,9.6742
9.5909,9.5728,9.5185,9.4283,9.3025,9.1416,8.9462,8.7173,8.4556,8.1622,7.8384,7.4853,7.1045,6.6975,6.2659,5.8114,5.336,4.8414,4.3297,3.8029,3.2632,2.7128,2.1538,1.5885,1.0192,0.44813,-0.12232,-0.68991,-1.2523,-1.8073,-2.3527,-2.8862,-3.4057,-3.9091,-4.3944,-4.8596,-5.3028,-5.7223,-6.1165,-6.4836,-6.8222,-7.1309,-7.4086,-7.654,-7.8663,-8.0445,-8.1879,-8.296,-8.3683,-8.4045,-8.4045,-8.3683,-8.296,-8.1879,-8.0445,-7.8663,-7.654,-7.4086,-7.1309,-6.8222,-6.4836,-6.1165,-5.7223,-5.3028,-4.8596,-4.3944,-3.9091,-3.4057,-2.8862,-2.3527,-1.8073,-1.2523,-0.68991,-0.12232,0.44813,1.0192,1.5885,2.1538,2.7128,3.2632,3.8029,4.3297,4.8414,5.336,5.8114,6.2659,6.6975,7.1045,7.4853,7.8384,8.1622,8.4556,8.7173,8.9462,9.1416,9.3025,9.4283,9.5185,9.5728,9.5909
9.5125,9.4943,9.4401,9.3498,9.224,9.0631,8.8678,8.6388,8.3771,8.0837,7.7599,7.4069,7.0261,6.619,6.1874,5.733,5.2575,4.7629,4.2512,3.7244,3.1847,2.6343,2.0753,1.51,0.94069,0.36966,-0.20079,-0.76838,-1.3308,-1.8858,-2.4312,-2.9646,-3.4841,-3.9875,-4.4728,-4.938,-5.3813,-5.8008,-6.1949,-6.562,-6.9006,-7.2094,-7.4871,-7.7325,-7.9448,-8.123,-8.2664,-8.3745,-8.4468,-8.483,-8.483,-8.4468,-8.3745,-8.2664,-8.123,-7.9448,-7.7325,-7.4871,-7.2094,-6.9006,-6.562,-6.1949,-5.8008,-5.3813,-4.938,-4.4728,-3.9875,-3.4841,-2.9646,-2.4312,-1.8858,-1.3308,-0.76838,-0.20079,0.36966,0.94069,1.51,2.0753,2.6343,3.1847,3.7244,4.2512,4.7629,5.2575,5.733,6.1874,6.619,7.0261,7.4069,7.7599,8.0837,8.3771,8.6388,8.8678,9.0631,9.224,9.3498,9.4401,9.4943,9.5125
8.8236,8.8055,8.7512,8.6609,8.5351,8.3742,8.1789,7.9499,7.6882,7.3949,7.071,6.718,6.3372,5.9302,5.4986,5.0441,4.5686,4.074,3.5623,3.0356,2.4959,1.9454,1.3864,0.82112,0.25181,-0.31922,-0.88967,-1.4573,-2.0197,-2.5747,-3.12,-3.6535,-4.173,-4.6764,-5.1617,-5.6269,-6.0702,-6.4897,-6.8838,-7.2509,-7.5895,-7.8983,-8.1759,-8.4214,-8.6337,-8.8119,-8.9553,-9.0634,-9.1357,-9.1719,-9.1719,-9.1357,-9.0634,-8.9553,-8.8119,-8.6337,-8.4214,-8.1759,-7.8983,-7.5895,-7.2509,-6.8838,-6.4897,-6.0702,-5.6269,-5.1617,-4.6764,-4.173,-3.6535,-3.12,-2.5747,-2.0197,-1.4573,-0.88967,-0.31922,0.25181,0.82112,1.3864,1.9454,2.4959,3.0356,3.5623,4.074,4.5686,5.0441,5.4986,5.9302,6.3372,6.718,7.071,7.3949,7.6882,7.9499,8.1789,8.3742,8.5351,8.6609,8.7512,8.8055,8.8236
6.2194,6.2063,6.1671,6.1019,6.0111,5.8949,5.7538,5.5884,5.3994,5.1875,4.9536,4.6987,4.4237,4.1297,3.818,3.4898,3.1464,2.7892,2.4196,2.0391,1.6494,1.2518,0.8481,0.43984,0.028671,-0.38374,-0.79574,-1.2057,-1.6119,-2.0127,-2.4066,-2.7919,-3.167,-3.5306,-3.8811,-4.2171,-4.5372,-4.8402,-5.1248,-5.39,-5.6345,-5.8575,-6.058,-6.2353,-6.3886,-6.5173,-6.6209,-6.699,-6.7512,-6.7773,-6.7773,-6.7512,-6.699,-6.6209,-6.5173,-6.3886,-6.2353,-6.058,-5.8575,-5.6345,-5.39,-5.1248,-4.8402,-4.5372,-4.2171,-3.8811,-3.5306,-3.167,-2.7919,-2.4066,-2.0127,-1.6119,-1.2057,-0.79574,-0.38374,0.028671,0.43984,0.8481,1.2518,1.6494,2.0391,2.4196,2.7892,3.1464,3.4898,3.818,4.1297,4.4237,4.6987,4.9536,5.1875,5.3994,5.5884,5.7538,5.8949,6.0111,6.1019,6.1671,6.2063,6.2194
6.2997,6.2866,6.2474,6.1822,6.0914,5.9752,5.8341,5.6687,5.4797,5.2678,5.034,4.779,4.504,4.21,3.8983,3.5701,3.2267,2.8695,2.4999,2.1195,1.7297,1.3321,0.92841,0.52015,0.10898,-0.30343,-0.71543,-1.1253,-1.5315,-1.9324,-2.3262,-2.7115,-3.0867,-3.4503,-3.8008,-4.1368,-4.4569,-4.7599,-5.0445,-5.3096,-5.5542,-5.7772,-5.9777,-6.155,-6.3083,-6.437,-6.5406,-6.6187,-6.6709,-6.697,-6.697,-6.6709,-6.6187,-6.5406,-6.437,-6.3083,-6.155,-5.9777,-5.7772,-5.5542,-5.3096,-5.0445,-4.7599,-4.4569,-4.1368,-3.8008,-3.4503,-3.0867,-2.7115,-2.3262,-1.9324,-1.5315,-1.1253,-0.71543,-0.30343,0.10898,0.52015,0.92841,1.3321,1.7297,2.1195,2.4999,2.8695,3.2267,3.5701,3.8983,4.21,4.504,4.779,5.034,5.2678,5.4797,5.6687,5.8341,5.9752,6.0914,6.1822,6.2474,6.2866,6.2997
6.3962,6.3831,6.3439,6.2787,6.1878,6.0716,5.9305,5.7652,5.5762,5.3643,5.1304,4.8754,4.6004,4.3065,3.9947,3.6665,3.3231,2.9659,2.5964,2.2159,1.8261,1.4286,1.0249,0.6166,0.20544,-0.20697,-0.61897,-1.0289,-1.4351,-1.8359,-2.2298,-2.6151,-2.9903,-3.3538,-3.7043,-4.0403,-4.3604,-4.6634,-4.9481,-5.2132,-5.4577,-5.6807,-5.8813,-6.0585,-6.2118,-6.3405,-6.4441,-6.5222,-6.5744,-6.6006,-6.6006,-6.5744,-6.5222,-6.4441,-6.3405,-6.2118,-6.0585,-5.8813,-5.6807,-5.4577,-5.2132,-4.9481,-4.6634,-4.3604,-4.0403,-3.7043,-3.3538,-2.9903,-2.6151,-2.2298,-1.8359,-1.4351,-1.0289,-0.61897,-0.20697,0.20544,0.6166,1.0249,1.4286,1.8261,2.2159,2.5964,2.9659,3.3231,3.6665,3.9947,4.3065,4.6004,4.8754,5.1304,5.3643,5.5762,5.7652,5.9305,6.0716,6.1878,6.2787,6.3439,6.3831,6.3962
7.2001,7.187,7.1478,7.0827,6.9918,6.8756,6.7345,6.5691,6.3801,6.1683,5.9344,5.6794,5.4044,5.1104,4.7987,4.4705,4.1271,3.7699,3.4003,3.0199,2.6301,2.2325,1.8288,1.4206,1.0094,0.59699,0.18499,-0.22493,-0.63113,-1.032,-1.4258,-1.8111,-2.1863,-2.5499,-2.9004,-3.2363,-3.5565,-3.8595,-4.1441,-4.4092,-4.6538,-4.8768,-5.0773,-5.2546,-5.4079,-5.5366,-5.6402,-5.7182,-5.7705,-5.7966,-5.7966,-5.7705,-5.7182,-5.6402,-5.5366,-5.4079,-5.2546,-5.0773,-4.8768,-4.6538,-4.4092,-4.1441,-3.8595,-3.5565,-3.2363,-2.9004,-2.5499,-2.1863,-1.8111,-1.4258,-1.032,-0.63113,-0.22493,0.18499,0.59699,1.0094,1.4206,1.8288,2.2325,2.6301,3.0199,3.4003,3.7699,4.1271,4.4705,4.7987,5.1104,5.4044,5.6794,5.9344,6.1683,6.3801,6.5691,6.7345,6.8756,6.9918,7.0827,7.1478,7.187,7.2001
7.8727,7.8596,7.8204,7.7552,7.6643,7.5481,7.4071,7.2417,7.0527,6.8408,6.6069,6.352,6.0769,5.783,5.4713,5.143,4.7996,4.4424,4.0729,3.6924,3.3026,2.9051,2.5014,2.0931,1.6819,1.2695,0.85754,0.44762,0.041421,-0.35942,-0.75328,-1.1386,-1.5138,-1.8773,-2.2278,-2.5638,-2.8839,-3.1869,-3.4716,-3.7367,-3.9812,-4.2042,-4.4048,-4.582,-4.7353,-4.864,-4.9676,-5.0457,-5.0979,-5.1241,-5.1241,-5.0979,-5.0457,-4.9676,-4.864,-4.7353,-4.582,-4.4048,-4.2042,-3.9812,-3.7367,-3.4716,-3.1869,-2.8839,-2.5638,-2.2278,-1.8773,-1.5138,-1.1386,-0.75328,-0.35942,0.041421,0.44762,0.85754,1.2695,1.6819,2.0931,2.5014,2.9051,3.3026,3.6924,4.0729,4.4424,4.7996,5.143,5.4713,5.783,6.0769,6.352,6.6069,6.8408,7.0527,7.2417,7.4071,7.5481,7.6643,7.7552,7.8204,7.8596,7.8727
5.3473,5.3342,5.295,5.2299,5.139,5.0228,4.8817,4.7163,4.5273,4.3155,4.0816,3.8266,3.5516,3.2576,2.9459,2.6177,2.2743,1.9171,1.5475,1.1671,0.7773,0.37975,-0.023966,-0.43223,-0.8434,-1.2558,-1.6678,-2.0777,-2.4839,-2.8848,-3.2786,-3.6639,-4.0391,-4.4027,-4.7532,-5.0891,-5.4093,-5.7123,-5.9969,-6.262,-6.5066,-6.7296,-6.9301,-7.1074,-7.2607,-7.3894,-7.493,-7.571,-7.6232,-7.6494,-7.6494,-7.6232,-7.571,-7.493,-7.3894,-7.2607,-7.1074,-6.9301,-6.7296,-6.5066,-6.262,-5.9969,-5.7123,-5.4093,-5.0891,-4.7532,-4.4027,-4.0391,-3.6639,-3.2786,-2.8848,-2.4839,-2.0777,-1.6678,-1.2558,-0.8434,-0.43223,-0.023966,0.37975,0.7773,1.1671,1.5475,1.9171,2.2743,2.6177,2.9459,3.2576,3.5516,3.8266,4.0816,4.3155,4.5273,4.7163,4.8817,5.0228,5.139,5.2299,5.295,5.3342,5.3473
2.1226,2.1095,2.0703,2.0051,1.9143,1.7981,1.657,1.4916,1.3026,1.0907,0.85685,0.60188,0.32687,0.032905,-0.27881,-0.60704,-0.95044,-1.3076,-1.6772,-2.0576,-2.4474,-2.845,-3.2487,-3.657,-4.0681,-4.4805,-4.8925,-5.3025,-5.7086,-6.1095,-6.5033,-6.8886,-7.2638,-7.6274,-7.9779,-8.3139,-8.634,-8.937,-9.2216,-9.4868,-9.7313,-9.9543,-10.155,-10.332,-10.485,-10.614,-10.718,-10.796,-10.848,-10.874,-10.874,-10.848,-10.796,-10.718,-10.614,-10.485,-10.332,-10.155,-9.9543,-9.7313,-9.4868,-9.2216,-8.937,-8.634,-8.3139,-7.9779,-7.6274,-7.2638,-6.8886,-6.5033,-6.1095,-5.7086,-5.3025,-4.8925,-4.4805,-4.0681,-3.657,-3.2487,-2.845,-2.4474,-2.0576,-1.6772,-1.3076,-0.95044,-0.60704,-0.27881,0.032905,0.32687,0.60188,0.85685,1.0907,1.3026,1.4916,1.657,1.7981,1.9143,2.0051,2.0703,2.1095,2.1226
-3.7111,-3.7222,-3.7554,-3.8105,-3.8874,-3.9857,-4.1051,-4.245,-4.4049,-4.5842,-4.7821,-4.9979,-5.2306,-5.4793,-5.7431,-6.0208,-6.3114,-6.6136,-6.9263,-7.2482,-7.578,-7.9144,-8.256,-8.6015,-8.9494,-9.2984,-9.647,-9.9938,-10.338,-10.677,-11.01,-11.336,-11.653,-11.961,-12.258,-12.542,-12.813,-13.069,-13.31,-13.534,-13.741,-13.93,-14.1,-14.25,-14.379,-14.488,-14.576,-14.642,-14.686,-14.708,-14.708,-14.686,-14.642,-14.576,-14.488,-14.379,-14.25,-14.1,-13.93,-13.741,-13.534,-13.31,-13.069,-12.813,-12.542,-12.258,-11.961,-11.653,-11.336,-11.01,-10.677,-10.338,-9.9938,-9.647,-9.2984,-8.9494,-8.6015,-8.256,-7.9144,-7.578,-7.2482,-6.9263,-6.6136,-6.3114,-6.0208,-5.7431,-5.4793,-5.2306,-4.9979,-4.7821,-4.5842,-4.4049,-4.245,-4.1051,-3.9857,-3.8874,-3.8105,-3.7554,-3.7222,-3.7111
-6.2733,-6.2844,-6.3176,-6.3727,-6.4496,-6.5479,-6.6673,-6.8072,-6.9671,-7.1464,-7.3443,-7.5601,-7.7928,-8.0415,-8.3053,-8.583,-8.8736,-9.1758,-9.4885,-9.8104,-10.14,-10.477,-10.818,-11.164,-11.512,-11.861,-12.209,-12.556,-12.9,-13.239,-13.572,-13.898,-14.216,-14.523,-14.82,-15.104,-15.375,-15.631,-15.872,-16.097,-16.304,-16.492,-16.662,-16.812,-16.942,-17.051,-17.138,-17.204,-17.248,-17.271,-17.271,-17.248,-17.204,-17.138,-17.051,-16.942,-16.812,-16.662,-16.492,-16.304,-16.097,-15.872,-15.631,-15.375,-15.104,-14.82,-14.523,-14.216,-13.898,-13.572,-13.239,-12.9,-12.556,-12.209,-11.861,-11.512,-11.164,-10.818,-10.477,-10.14,-9.8104,-9.4885,-9.1758,-8.8736,-8.583,-8.3053,-8.0415,-7.7928,-7.5601,-7.3443,-7.1464,-6.9671,-6.8072,-6.6673,-6.5479,-6.4496,-6.3727,-6.3176,-6.2844,-6.2733
-8.4466,-8.4577,-8.4909,-8.546,-8.6229,-8.7213,-8.8406,-8.9806,-9.1405,-9.3198,-9.5177,-9.7334,-9.9661,-10.215,-10.479,-10.756,-11.047,-11.349,-11.662,-11.984,-12.314,-12.65,-12.992,-13.337,-13.685,-14.034,-14.383,-14.729,-15.073,-15.412,-15.746,-16.072,-16.389,-16.697,-16.993,-17.278,-17.548,-17.805,-18.046,-18.27,-18.477,-18.666,-18.835,-18.985,-19.115,-19.224,-19.312,-19.378,-19.422,-19.444,-19.444,-19.422,-19.378,-19.312,-19.224,-19.115,-18.985,-18.835,-18.666,-18.477,-18.27,-18.046,-17.805,-17.548,-17.278,-16.993,-16.697,-16.389,-16.072,-15.746,-15.412,-15.073,-14.729,-14.383,-14.034,-13.685,-13.337,-12.992,-12.65,-12.314,-11.984,-11.662,-11.349,-11.047,-10.756,-10.479,-10.215,-9.9661,-9.7334,-9.5177,-9.3198,-9.1405,-8.9806,-8.8406,-8.7213,-8.6229,-8.546,-8.4909,-8.4577,-8.4466
-10.599,-10.61,-10.643,-10.698,-10.775,-10.874,-10.993,-11.133,-11.293,-11.472,-11.67,-11.886,-12.119,-12.367,-12.631,-12.909,-13.199,-13.502,-13.814,-14.136,-14.466,-14.802,-15.144,-15.489,-15.837,-16.186,-16.535,-16.882,-17.226,-17.565,-17.898,-18.224,-18.541,-18.849,-19.146,-19.43,-19.701,-19.957,-20.198,-20.422,-20.629,-20.818,-20.988,-21.138,-21.267,-21.376,-21.464,-21.53,-21.574,-21.596,-21.596,-21.574,-21.53,-21.464,-21.376,-21.267,-21.138,-20.988,-20.818,-20.629,-20.422,-20.198,-19.957,-19.701,-19.43,-19.146,-18.849,-18.541,-18.224,-17.898,-17.565,-17.226,-16.882,-16.535,-16.186,-15.837,-15.489,-15.144,-14.802,-14.466,-14.136,-13.814,-13.502,-13.199,-12.909,-12.631,-12.367,-12.119,-11.886,-11.67,-11.472,-11.293,-11.133,-10.993,-10.874,-10.775,-10.698,-10.643,-10.61,-10.599
-12.049,-12.06,-12.094,-12.149,-12.226,-12.324,-12.443,-12.583,-12.743,-12.922,-13.12,-13.336,-13.569,-13.818,-14.081,-14.359,-14.65,-14.952,-15.265,-15.586,-15.916,-16.253,-16.594,-16.94,-17.288,-17.637,-17.985,-18.332,-18.676,-19.015,-19.348,-19.674,-19.992,-20.299,-20.596,-20.88,-21.151,-21.407,-21.648,-21.873,-22.08,-22.268,-22.438,-22.588,-22.718,-22.827,-22.914,-22.98,-23.024,-23.047,-23.047,-23.024,-22.98,-22.914,-22.827,-22.718,-22.588,-22.438,-22.268,-22.08,-21.873,-21.648,-21.407,-21.151,-20.88,-20.596,-20.299,-19.992,-19.674,-19.348,-19.015,-18.676,-18.332,-17.985,-17.637,-17.288,-16.94,-16.594,-16.253,-15.916,-15.586,-15.265,-14.952,-14.65,-14.359,-14.081,-13.818,-13.569,-13.336,-13.12,-12.922,-12.743,-12.583,-12.443,-12.324,-12.226,-12.149,-12.094,-12.06,-12.049
-14.377,-14.388,-14.421,-14.476,-14.553,-14.651,-14.771,-14.911,-15.071,-15.25,-15.448,-15.663,-15.896,-16.145,-16.409,-16.686,-16.977,-17.279,-17.592,-17.914,-18.244,-18.58,-18.922,-19.267,-19.615,-19.964,-20.313,-20.659,-21.003,-21.342,-21.676,-22.002,-22.319,-22.627,-22.923,-23.208,-23.478,-23.735,-23.976,-24.2,-24.407,-24.596,-24.765,-24.915,-25.045,-25.154,-25.242,-25.308,-25.352,-25.374,-25.374,-25.352,-25.308,-25.242,-25.154,-25.045,-24.915,-24.765,-24.596,-24.407,-24.2,-23.976,-23.735,-23.478,-23.208,-22.923,-22.627,-22.319,-22.002,-21.676,-21.342,-21.003,-20.659,-20.313,-19.964,-19.615,-19.267,-18.922,-18.58,-18.244,-17.914,-17.592,-17.279,-16.977,-16.686,-16.409,-16.145,-15.896,-15.663,-15.448,-15.25,-15.071,-14.911,-14.771,-14.651,-14.553,-14.476,-14.421,-14.388,-14.377
-16.34,-16.351,-16.385,-16.44,-16.517,-16.615,-16.734,-16.874,-17.034,-17.213,-17.411,-17.627,-17.86,-18.109,-18.372,-18.65,-18.941,-19.243,-19.556,-19.877,-20.207,-20.544,-20.885,-21.231,-21.579,-21.928,-22.276,-22.623,-22.967,-23.306,-23.639,-23.965,-24.283,-24.59,-24.887,-25.171,-25.442,-25.698,-25.939,-26.164,-26.371,-26.559,-26.729,-26.879,-27.009,-27.118,-27.205,-27.271,-27.315,-27.338,-27.338,-27.315,-27.271,-27.205,-27.118,-27.009,-26.879,-26.729,-26.559,-26.371,-26.164,-25.939,-25.698,-25.442,-25.171,-24.887,-24.59,-24.283,-23.965,-23.639,-23.306,-22.967,-22.623,-22.276,-21.928,-21.579,-21.231,-20.885,-20.544,-20.207,-19.877,-19.556,-19.243,-18.941,-18.65,-18.372,-18.109,-17.86,-17.627,-17.411,-17.213,-17.034,-16.874,-16.734,-16.615,-16.517,-16.44,-16.385,-16.351,-16.34
-18.134,-18.145,-18.178,-18.234,-18.31,-18.409,-18.528,-18.668,-18.828,-19.007,-19.205,-19.421,-19.654,-19.902,-20.166,-20.444,-20.734,-21.037,-21.349,-21.671,-22.001,-22.337,-22.679,-23.025,-23.372,-23.721,-24.07,-24.417,-24.761,-25.1,-25.433,-25.759,-26.077,-26.384,-26.681,-26.965,-27.236,-27.492,-27.733,-27.957,-28.164,-28.353,-28.523,-28.673,-28.802,-28.911,-28.999,-29.065,-29.109,-29.131,-29.131,-29.109,-29.065,-28.999,-28.911,-28.802,-28.673,-28.523,-28.353,-28.164,-27.957,-27.733,-27.492,-27.236,-26.965,-26.681,-26.384,-26.077,-25.759,-25.433,-25.1,-24.761,-24.417,-24.07,-23.721,-23.372,-23.025,-22.679,-22.337,-22.001,-21.671,-21.349,-21.037,-20.734,-20.444,-20.166,-19.902,-19.654,-19.421,-19.205,-19.007,-18.828,-18.668,-18.528,-18.409,-18.31,-18.234,-18.178,-18.145,-18.134
-19.547,-19.558,-19.591,-19.646,-19.723,-19.821,-19.941,-20.08,-20.24,-20.42,-20.618,-20.833,-21.066,-21.315,-21.578,-21.856,-22.147,-22.449,-22.762,-23.084,-23.413,-23.75,-24.091,-24.437,-24.785,-25.134,-25.482,-25.829,-26.173,-26.512,-26.845,-27.171,-27.489,-27.797,-28.093,-28.377,-28.648,-28.905,-29.145,-29.37,-29.577,-29.765,-29.935,-30.085,-30.215,-30.324,-30.411,-30.477,-30.522,-30.544,-30.544,-30.522,-30.477,-30.411,-30.324,-30.215,-30.085,-29.935,-29.765,-29.577,-29.37,-29.145,-28.905,-28.648,-28.377,-28.093,-27.797,-27.489,-27.171,-26.845,-26.512,-26.173,-25.829,-25.482,-25.134,-24.785,-24.437,-24.091,-23.75,-23.413,-23.084,-22.762,-22.449,-22.147,-21.856,-21.578,-21.315,-21.066,-20.833,-20.618,-20.42,-20.24,-20.08,-19.941,-19.821,-19.723,-19.646,-19.591,-19.558,-19.547
-21.442,-21.453,-21.486,-21.541,-21.618,-21.716,-21.836,-21.975,-22.135,-22.315,-22.513,-22.728,-22.961,-23.21,-23.474,-23.751,-24.042,-24.344,-24.657,-24.979,-25.309,-25.645,-25.987,-26.332,-26.68,-27.029,-27.377,-27.724,-28.068,-28.407,-28.74,-29.066,-29.384,-29.692,-29.988,-30.272,-30.543,-30.8,-31.041,-31.265,-31.472,-31.66,-31.83,-31.98,-32.11,-32.219,-32.306,-32.372,-32.417,-32.439,-32.439,-32.417,-32.372,-32.306,-32.219,-32.11,-31.98,-31.83,-31.66,-31.472,-31.265,-31.041,-30.8,-30.543,-30.272,-29.988,-29.692,-29.384,-29.066,-28.74,-28.407,-28.068,-27.724,-27.377,-27.029,-26.68,-26.332,-25.987,-25.645,-25.309,-24.979,-24.657,-24.344,-24.042,-23.751,-23.474,-23.21,-22.961,-22.728,-22.513,-22.315,-22.135,-21.975,-21.836,-21.716,-21.618,-21.541,-21.486,-21.453,-21.442
-22.868,-22.879,-22.912,-22.967,-23.044,-23.142,-23.262,-23.401,-23.561,-23.741,-23.939,-24.154,-24.387,-24.636,-24.9,-25.177,-25.468,-25.77,-26.083,-26.405,-26.735,-27.071,-27.413,-27.758,-28.106,-28.455,-28.803,-29.15,-29.494,-29.833,-30.166,-30.492,-30.81,-31.118,-31.414,-31.698,-31.969,-32.226,-32.467,-32.691,-32.898,-33.086,-33.256,-33.406,-33.536,-33.645,-33.732,-33.798,-33.843,-33.865,-33.865,-33.843,-33.798,-33.732,-33.645,-33.536,-33.406,-33.256,-33.086,-32.898,-32.691,-32.467,-32.226,-31.969,-31.698,-31.414,-31.118,-30.81,-30.492,-30.166,-29.833,-29.494,-29.15,-28.803,-28.455,-28.106,-27.758,-27.413,-27.071,-26.735,-26.405,-26.083,-25.77,-25.468,-25.177,-24.9,-24.636,-24.387,-24.154,-23.939,-23.741,-23.561,-23.401,-23.262,-23.142,-23.044,-22.967,-22.912,-22.879,-22.868
-25.766,-25.777,-25.81,-25.866,-25.943,-26.041,-26.16,-26.3,-26.46,-26.639,-26.837,-27.053,-27.286,-27.534,-27.798,-28.076,-28.367,-28.669,-28.981,-29.303,-29.633,-29.97,-30.311,-30.657,-31.005,-31.354,-31.702,-32.049,-32.393,-32.732,-33.065,-33.391,-33.709,-34.016,-34.313,-34.597,-34.868,-35.124,-35.365,-35.59,-35.796,-35.985,-36.155,-36.305,-36.435,-36.543,-36.631,-36.697,-36.741,-36.763,-36.763,-36.741,-36.697,-36.631,-36.543,-36.435,-36.305,-36.155,-35.985,-35.796,-35.59,-35.365,-35.124,-34.868,-34.597,-34.313,-34.016,-33.709,-33.391,-33.065,-32.732,-32.393,-32.049,-31.702,-31.354,-31.005,-30.657,-30.311,-29.97,-29.633,-29.303,-28.981,-28.669,-28.367,-28.076,-27.798,-27.534,-27.286,-27.053,-26.837,-26.639,-26.46,-26.3,-26.16,-26.041,-25.943,-25.866,-25.81,-25.777,-25.766
-28.857,-28.868,-28.901,-28.956,-29.033,-29.132,-29.251,-29.391,-29.551,-29.73,-29.928,-30.144,-30.376,-30.625,-30.889,-31.167,-31.457,-31.759,-32.072,-32.394,-32.724,-33.06,-33.402,-33.747,-34.095,-34.444,-34.793,-35.14,-35.483,-35.823,-36.156,-36.482,-36.799,-37.107,-37.403,-37.688,-37.959,-38.215,-38.456,-38.68,-38.887,-39.076,-39.246,-39.396,-39.525,-39.634,-39.722,-39.788,-39.832,-39.854,-39.854,-39.832,-39.788,-39.722,-39.634,-39.525,-39.396,-39.246,-39.076,-38.887,-38.68,-38.456,-38.215,-37.959,-37.688,-37.403,-37.107,-36.799,-36.482,-36.156,-35.823,-35.483,-35.14,-34.793,-34.444,-34.095,-33.747,-33.402,-33.06,-32.724,-32.394,-32.072,-31.759,-31.457,-31.167,-30.889,-30.625,-30.376,-30.144,-29.928,-29.73,-29.551,-29.391,-29.251,-29.132,-29.033,-28.956,-28.901,-28.868,-28.857
-31.182,-31.193,-31.226,-31.281,-31.358,-31.456,-31.576,-31.716,-31.875,-32.055,-32.253,-32.468,-32.701,-32.95,-33.214,-33.491,-33.782,-34.084,-34.397,-34.719,-35.049,-35.385,-35.727,-36.072,-36.42,-36.769,-37.118,-37.464,-37.808,-38.147,-38.481,-38.807,-39.124,-39.432,-39.728,-40.013,-40.283,-40.54,-40.781,-41.005,-41.212,-41.401,-41.57,-41.72,-41.85,-41.959,-42.047,-42.113,-42.157,-42.179,-42.179,-42.157,-42.113,-42.047,-41.959,-41.85,-41.72,-41.57,-41.401,-41.212,-41.005,-40.781,-40.54,-40.283,-40.013,-39.728,-39.432,-39.124,-38.807,-38.481,-38.147,-37.808,-37.464,-37.118,-36.769,-36.42,-36.072,-35.727,-35.385,-35.049,-34.719,-34.397,-34.084,-33.782,-33.491,-33.214,-32.95,-32.701,-32.468,-32.253,-32.055,-31.875,-31.716,-31.576,-31.456,-31.358,-31.281,-31.226,-31.193,-31.182
-32.76,-32.771,-32.804,-32.859,-32.936,-33.035,-33.154,-33.294,-33.454,-33.633,-33.831,-34.047,-34.279,-34.528,-34.792,-35.07,-35.36,-35.662,-35.975,-36.297,-36.627,-36.963,-37.305,-37.65,-37.998,-38.347,-38.696,-39.043,-39.386,-39.726,-40.059,-40.385,-40.702,-41.01,-41.306,-41.591,-41.862,-42.118,-42.359,-42.583,-42.79,-42.979,-43.149,-43.299,-43.428,-43.537,-43.625,-43.691,-43.735,-43.757,-43.757,-43.735,-43.691,-43.625,-43.537,-43.428,-43.299,-43.149,-42.979,-42.79,-42.583,-42.359,-42.118,-41.862,-41.591,-41.306,-41.01,-40.702,-40.385,-40.059,-39.726,-39.386,-39.043,-38.696,-38.347,-37.998,-37.65,-37.305,-36.963,-36.627,-36.297,-35.975,-35.662,-35.36,-35.07,-34.792,-34.528,-34.279,-34.047,-33.831,-33.633,-33.454,-33.294,-33.154,-33.035,-32.936,-32.859,-32.804,-32.771,-32.76
-33.98,-33.991,-34.024,-34.079,-34.156,-34.254,-34.374,-34.514,-34.673,-34.853,-35.051,-35.266,-35.499,-35.748,-36.012,-36.289,-36.58,-36.882,-37.195,-37.517,-37.847,-38.183,-38.525,-38.87,-39.218,-39.567,-39.915,-40.262,-40.606,-40.945,-41.278,-41.605,-41.922,-42.23,-42.526,-42.81,-43.081,-43.338,-43.579,-43.803,-44.01,-44.199,-44.368,-44.518,-44.648,-44.757,-44.844,-44.911,-44.955,-44.977,-44.977,-44.955,-44.911,-44.844,-44.757,-44.648,-44.518,-44.368,-44.199,-44.01,-43.803,-43.579,-43.338,-43.081,-42.81,-42.526,-42.23,-41.922,-41.605,-41.278,-40.945,-40.606,-40.262,-39.915,-39.567,-39.218,-38.87,-38.525,-38.183,-37.847,-37.517,-37.195,-36.882,-36.58,-36.289,-36.012,-35.748,-35.499,-35.266,-35.051,-34.853,-34.673,-34.514,-34.374,-34.254,-34.156,-34.079,-34.024,-33.991,-33.98
-35.794,-35.805,-35.838,-35.893,-35.97,-36.069,-36.188,-36.328,-36.488,-36.667,-36.865,-37.081,-37.314,-37.562,-37.826,-38.104,-38.394,-38.697,-39.009,-39.331,-39.661,-39.997,-40.339,-40.684,-41.032,-41.381,-41.73,-42.077,-42.42,-42.76,-43.093,-43.419,-43.736,-44.044,-44.341,-44.625,-44.896,-45.152,-45.393,-45.617,-45.824,-46.013,-46.183,-46.333,-46.462,-46.571,-46.659,-46.725,-46.769,-46.791,-46.791,-46.769,-46.725,-46.659,-46.571,-46.462,-46.333,-46.183,-46.013,-45.824,-45.617,-45.393,-45.152,-44.896,-44.625,-44.341,-44.044,-43.736,-43.419,-43.093,-42.76,-42.42,-42.077,-41.73,-41.381,-41.032,-40.684,-40.339,-39.997,-39.661,-39.331,-39.009,-38.697,-38.394,-38.104,-37.826,-37.562,-37.314,-37.081,-36.865,-36.667,-36.488,-36.328,-36.188,-36.069,-35.97,-35.893,-35.838,-35.805,-35.794
-37.695,-37.706,-37.739,-37.794,-37.871,-37.969,-38.089,-38.228,-38.388,-38.568,-38.766,-38.981,-39.214,-39.463,-39.727,-40.004,-40.295,-40.597,-40.91,-41.232,-41.561,-41.898,-42.239,-42.585,-42.933,-43.282,-43.63,-43.977,-44.321,-44.66,-44.993,-45.319,-45.637,-45.945,-46.241,-46.525,-46.796,-47.053,-47.294,-47.518,-47.725,-47.913,-48.083,-48.233,-48.363,-48.472,-48.559,-48.625,-48.67,-48.692,-48.692,-48.67,-48.625,-48.559,-48.472,-48.363,-48.233,-48.083,-47.913,-47.725,-47.518,-47.294,-47.053,-46.796,-46.525,-46.241,-45.945,-45.637,-45.319,-44.993,-44.66,-44.321,-43.977,-43.63,-43.282,-42.933,-42.585,-42.239,-41.898,-41.561,-41.232,-40.91,-40.597,-40.295,-40.004,-39.727,-39.463,-39.214,-38.981,-38.766,-38.568,-38.388,-38.228,-38.089,-37.969,-37.871,-37.794,-37.739,-37.706,-37.695
-38.303,-38.315,-38.348,-38.403,-38.48,-38.578,-38.697,-38.837,-38.997,-39.177,-39.374,-39.59,-39.823,-40.072,-40.335,-40.613,-40.904,-41.206,-41.519,-41.841,-42.17,-42.507,-42.848,-43.194,-43.542,-43.891,-44.239,-44.586,-44.93,-45.269,-45.602,-45.928,-46.246,-46.553,-46.85,-47.134,-47.405,-47.662,-47.902,-48.127,-48.334,-48.522,-48.692,-48.842,-48.972,-49.081,-49.168,-49.234,-49.279,-49.301,-49.301,-49.279,-49.234,-49.168,-49.081,-48.972,-48.842,-48.692,-48.522,-48.334,-48.127,-47.902,-47.662,-47.405,-47.134,-46.85,-46.553,-46.246,-45.928,-45.602,-45.269,-44.93,-44.586,-44.239,-43.891,-43.542,-43.194,-42.848,-42.507,-42.17,-41.841,-41.519,-41.206,-40.904,-40.613,-40.335,-40.072,-39.823,-39.59,-39.374,-39.177,-38.997,-38.837,-38.697,-38.578,-38.48,-38.403,-38.348,-38.315,-38.303
-40.321,-40.332,-40.366,-40.421,-40.498,-40.596,-40.715,-40.855,-41.015,-41.194,-41.392,-41.608,-41.841,-42.09,-42.353,-42.631,-42.922,-43.224,-43.537,-43.858,-44.188,-44.525,-44.866,-45.212,-45.56,-45.909,-46.257,-46.604,-46.948,-47.287,-47.62,-47.946,-48.264,-48.571,-48.868,-49.152,-49.423,-49.679,-49.92,-50.145,-50.352,-50.54,-50.71,-50.86,-50.99,-51.099,-51.186,-51.252,-51.296,-51.319,-51.319,-51.296,-51.252,-51.186,-51.099,-50.99,-50.86,-50.71,-50.54,-50.352,-50.145,-49.92,-49.679,-49.423,-49.152,-48.868,-48.571,-48.264,-47.946,-47.62,-47.287,-46.948,-46.604,-46.257,-45.909,-45.56,-45.212,-44.866,-44.525,-44.188,-43.858,-43.537,-43.224,-42.922,-42.631,-42.353,-42.09,-41.841,-41.608,-41.392,-41.194,-41.015,-40.855,-40.715,-40.596,-40.498,-40.421,-40.366,-40.332,-40.321
-41.75,-41.761,-41.795,-41.85,-41.927,-42.025,-42.144,-42.284,-42.444,-42.624,-42.821,-43.037,-43.27,-43.519,-43.782,-44.06,-44.351,-44.653,-44.966,-45.288,-45.617,-45.954,-46.295,-46.641,-46.989,-47.338,-47.686,-48.033,-48.377,-48.716,-49.049,-49.375,-49.693,-50,-50.297,-50.581,-50.852,-51.109,-51.349,-51.574,-51.781,-51.969,-52.139,-52.289,-52.419,-52.528,-52.615,-52.681,-52.725,-52.748,-52.748,-52.725,-52.681,-52.615,-52.528,-52.419,-52.289,-52.139,-51.969,-51.781,-51.574,-51.349,-51.109,-50.852,-50.581,-50.297,-50,-49.693,-49.375,-49.049,-48.716,-48.377,-48.033,-47.686,-47.338,-46.989,-46.641,-46.295,-45.954,-45.617,-45.288,-44.966,-44.653,-44.351,-44.06,-43.782,-43.519,-43.27,-43.037,-42.821,-42.624,-42.444,-42.284,-42.144,-42.025,-41.927,-41.85,-41.795,-41.761,-41.75
-43.225,-43.236,-43.269,-43.324,-43.401,-43.499,-43.619,-43.759,-43.919,-44.098,-44.296,-44.512,-44.744,-44.993,-45.257,-45.534,-45.825,-46.127,-46.44,-46.762,-47.092,-47.428,-47.77,-48.115,-48.463,-48.812,-49.161,-49.508,-49.851,-50.19,-50.524,-50.85,-51.167,-51.475,-51.771,-52.056,-52.327,-52.583,-52.824,-53.048,-53.255,-53.444,-53.613,-53.763,-53.893,-54.002,-54.09,-54.156,-54.2,-54.222,-54.222,-54.2,-54.156,-54.09,-54.002,-53.893,-53.763,-53.613,-53.444,-53.255,-53.048,-52.824,-52.583,-52.327,-52.056,-51.771,-51.475,-51.167,-50.85,-50.524,-50.19,-49.851,-49.508,-49.161,-48.812,-48.463,-48.115,-47.77,-47.428,-47.092,-46.762,-46.44,-46.127,-45.825,-45.534,-45.257,-44.993,-44.744,-44.512,-44.296,-44.098,-43.919,-43.759,-43.619,-43.499,-43.401,-43.324,-43.269,-43.236,-43.225
-45.369,-45.38,-45.413,-45.468,-45.545,-45.643,-45.763,-45.902,-46.062,-46.242,-46.44,-46.655,-46.888,-47.137,-47.4,-47.678,-47.969,-48.271,-48.584,-48.906,-49.235,-49.572,-49.913,-50.259,-50.607,-50.956,-51.304,-51.651,-51.995,-52.334,-52.667,-52.993,-53.311,-53.619,-53.915,-54.199,-54.47,-54.727,-54.967,-55.192,-55.399,-55.587,-55.757,-55.907,-56.037,-56.146,-56.233,-56.299,-56.344,-56.366,-56.366,-56.344,-56.299,-56.233,-56.146,-56.037,-55.907,-55.757,-55.587,-55.399,-55.192,-54.967,-54.727,-54.47,-54.199,-53.915,-53.619,-53.311,-52.993,-52.667,-52.334,-51.995,-51.651,-51.304,-50.956,-50.607,-50.259,-49.913,-49.572,-49.235,-48.906,-48.584,-48.271,-47.969,-47.678,-47.4,-47.137,-46.888,-46.655,-46.44,-46.242,-46.062,-45.902,-45.763,-45.643,-45.545,-45.468,-45.413,-45.38,-45.369
-46.964,-46.975,-47.008,-47.063,-47.14,-47.238,-47.358,-47.498,-47.658,-47.837,-48.035,-48.25,-48.483,-48.732,-48.996,-49.273,-49.564,-49.866,-50.179,-50.501,-50.831,-51.167,-51.509,-51.854,-52.202,-52.551,-52.9,-53.246,-53.59,-53.929,-54.263,-54.589,-54.906,-55.214,-55.51,-55.795,-56.065,-56.322,-56.563,-56.787,-56.994,-57.183,-57.352,-57.502,-57.632,-57.741,-57.829,-57.895,-57.939,-57.961,-57.961,-57.939,-57.895,-57.829,-57.741,-57.632,-57.502,-57.352,-57.183,-56.994,-56.787,-56.563,-56.322,-56.065,-55.795,-55.51,-55.214,-54.906,-54.589,-54.263,-53.929,-53.59,-53.246,-52.9,-52.551,-52.202,-51.854,-51.509,-51.167,-50.831,-50.501,-50.179,-49.866,-49.564,-49.273,-48.996,-48.732,-48.483,-48.25,-48.035,-47.837,-47.658,-47.498,-47.358,-47.238,-47.14,-47.063,-47.008,-46.975,-46.964
-47.779,-47.79,-47.823,-47.878,-47.955,-48.053,-48.173,-48.312,-48.472,-48.652,-48.85,-49.065,-49.298,-49.547,-49.811,-50.088,-50.379,-50.681,-50.994,-51.316,-51.645,-51.982,-52.323,-52.669,-53.017,-53.366,-53.714,-54.061,-54.405,-54.744,-55.077,-55.403,-55.721,-56.029,-56.325,-56.609,-56.88,-57.137,-57.377,-57.602,-57.809,-57.997,-58.167,-58.317,-58.447,-58.556,-58.643,-58.709,-58.754,-58.776,-58.776,-58.754,-58.709,-58.643,-58.556,-58.447,-58.317,-58.167,-57.997,-57.809,-57.602,-57.377,-57.137,-56.88,-56.609,-56.325,-56.029,-55.721,-55.403,-55.077,-54.744,-54.405,-54.061,-53.714,-53.366,-53.017,-52.669,-52.323,-51.982,-51.645,-51.316,-50.994,-50.681,-50.379,-50.088,-49.811,-49.547,-49.298,-49.065,-48.85,-48.652,-48.472,-48.312,-48.173,-48.053,-47.955,-47.878,-47.823,-47.79,-47.779
-48.76,-48.771,-48.804,-48.86,-48.936,-49.035,-49.154,-49.294,-49.454,-49.633,-49.831,-50.047,-50.28,-50.528,-50.792,-51.07,-51.36,-51.663,-51.975,-52.297,-52.627,-52.963,-53.305,-53.651,-53.998,-54.347,-54.696,-55.043,-55.387,-55.726,-56.059,-56.385,-56.703,-57.01,-57.307,-57.591,-57.862,-58.118,-58.359,-58.583,-58.79,-58.979,-59.149,-59.299,-59.428,-59.537,-59.625,-59.691,-59.735,-59.757,-59.757,-59.735,-59.691,-59.625,-59.537,-59.428,-59.299,-59.149,-58.979,-58.79,-58.583,-58.359,-58.118,-57.862,-57.591,-57.307,-57.01,-56.703,-56.385,-56.059,-55.726,-55.387,-55.043,-54.696,-54.347,-53.998,-53.651,-53.305,-52.963,-52.627,-52.297,-51.975,-51.663,-51.36,-51.07,-50.792,-50.528,-50.28,-50.047,-49.831,-49.633,-49.454,-49.294,-49.154,-49.035,-48.936,-48.86,-48.804,-48.771,-48.76
-49.373,-49.384,-49.417,-49.472,-49.549,-49.648,-49.767,-49.907,-50.067,-50.246,-50.444,-50.66,-50.892,-51.141,-51.405,-51.683,-51.973,-52.275,-52.588,-52.91,-53.24,-53.576,-53.918,-54.263,-54.611,-54.96,-55.309,-55.656,-55.999,-56.339,-56.672,-56.998,-57.315,-57.623,-57.919,-58.204,-58.475,-58.731,-58.972,-59.196,-59.403,-59.592,-59.762,-59.912,-60.041,-60.15,-60.238,-60.304,-60.348,-60.37,-60.37,-60.348,-60.304,-60.238,-60.15,-60.041,-59.912,-59.762,-59.592,-59.403,-59.196,-58.972,-58.731,-58.475,-58.204,-57.919,-57.623,-57.315,-56.998,-56.672,-56.339,-55.999,-55.656,-55.309,-54.96,-54.611,-54.263,-53.918,-53.576,-53.24,-52.91,-52.588,-52.275,-51.973,-51.683,-51.405,-51.141,-50.892,-50.66,-50.444,-50.246,-50.067,-49.907,-49.767,-49.648,-49.549,-49.472,-49.417,-49.384,-49.373
-51.043,-51.054,-51.087,-51.142,-51.219,-51.317,-51.437,-51.577,-51.736,-51.916,-52.114,-52.329,-52.562,-52.811,-53.075,-53.352,-53.643,-53.945,-54.258,-54.58,-54.91,-55.246,-55.588,-55.933,-56.281,-56.63,-56.979,-57.325,-57.669,-58.008,-58.342,-58.668,-58.985,-59.293,-59.589,-59.873,-60.144,-60.401,-60.642,-60.866,-61.073,-61.262,-61.431,-61.581,-61.711,-61.82,-61.908,-61.974,-62.018,-62.04,-62.04,-62.018,-61.974,-61.908,-61.82,-61.711,-61.581,-61.431,-61.262,-61.073,-60.866,-60.642,-60.401,-60.144,-59.873,-59.589,-59.293,-58.985,-58.668,-58.342,-58.008,-57.669,-57.325,-56.979,-56.63,-56.281,-55.933,-55.588,-55.246,-54.91,-54.58,-54.258,-53.945,-53.643,-53.352,-53.075,-52.811,-52.562,-52.329,-52.114,-51.916,-51.736,-51.577,-51.437,-51.317,-51.219,-51.142,-51.087,-51.054,-51.043
-52.742,-52.753,-52.786,-52.841,-52.918,-53.016,-53.136,-53.276,-53.435,-53.615,-53.813,-54.028,-54.261,-54.51,-54.774,-55.051,-55.342,-55.644,-55.957,-56.279,-56.609,-56.945,-57.287,-57.632,-57.98,-58.329,-58.677,-59.024,-59.368,-59.707,-60.04,-60.367,-60.684,-60.992,-61.288,-61.572,-61.843,-62.1,-62.341,-62.565,-62.772,-62.961,-63.13,-63.28,-63.41,-63.519,-63.606,-63.673,-63.717,-63.739,-63.739,-63.717,-63.673,-63.606,-63.519,-63.41,-63.28,-63.13,-62.961,-62.772,-62.565,-62.341,-62.1,-61.843,-61.572,-61.288,-60.992,-60.684,-60.367,-60.04,-59.707,-59.368,-59.024,-58.677,-58.329,-57.98,-57.632,-57.287,-56.945,-56.609,-56.279,-55.957,-55.644,-55.342,-55.051,-54.774,-54.51,-54.261,-54.028,-53.813,-53.615,-53.435,-53.276,-53.136,-53.016,-52.918,-52.841,-52.786,-52.753,-52.742
-53.794,-53.805,-53.838,-53.893,-53.97,-54.069,-54.188,-54.328,-54.488,-54.667,-54.865,-55.081,-55.313,-55.562,-55.826,-56.104,-56.394,-56.697,-57.009,-57.331,-57.661,-57.997,-58.339,-58.684,-59.032,-59.381,-59.73,-60.077,-60.42,-60.76,-61.093,-61.419,-61.736,-62.044,-62.341,-62.625,-62.896,-63.152,-63.393,-63.617,-63.824,-64.013,-64.183,-64.333,-64.462,-64.571,-64.659,-64.725,-64.769,-64.791,-64.791,-64.769,-64.725,-64.659,-64.571,-64.462,-64.333,-64.183,-64.013,-63.824,-63.617,-63.393,-63.152,-62.896,-62.625,-62.341,-62.044,-61.736,-61.419,-61.093,-60.76,-60.42,-60.077,-59.73,-59.381,-59.032,-58.684,-58.339,-57.997,-57.661,-57.331,-57.009,-56.697,-56.394,-56.104,-55.826,-55.562,-55.313,-55.081,-54.865,-54.667,-54.488,-54.328,-54.188,-54.069,-53.97,-53.893,-53.838,-53.805,-53.794
-57.246,-57.252,-57.27,-57.3,-57.342,-57.395,-57.461,-57.537,-57.624,-57.722,-57.83,-57.948,-58.074,-58.21,-58.354,-58.506,-58.664,-58.829,-58.999,-59.175,-59.355,-59.538,-59.725,-59.913,-60.103,-60.293,-60.483,-60.673,-60.86,-61.045,-61.227,-61.405,-61.578,-61.746,-61.907,-62.063,-62.21,-62.35,-62.481,-62.604,-62.717,-62.82,-62.912,-62.994,-63.065,-63.124,-63.172,-63.208,-63.232,-63.244,-63.244,-63.232,-63.208,-63.172,-63.124,-63.065,-62.994,-62.912,-62.82,-62.717,-62.604,-62.481,-62.35,-62.21,-62.063,-61.907,-61.746,-61.578,-61.405,-61.227,-61.045,-60.86,-60.673,-60.483,-60.293,-60.103,-59.913,-59.725,-59.538,-59.355,-59.175,-58.999,-58.829,-58.664,-58.506,-58.354,-58.21,-58.074,-57.948,-57.83,-57.722,-57.624,-57.537,-57.461,-57.395,-57.342,-57.3,-57.27,-57.252,-57.246
-58.121,-58.127,-58.145,-58.175,-58.217,-58.271,-58.336,-58.412,-58.5,-58.597,-58.705,-58.823,-58.95,-59.086,-59.23,-59.381,-59.54,-59.704,-59.875,-60.051,-60.23,-60.414,-60.6,-60.789,-60.978,-61.169,-61.359,-61.548,-61.736,-61.921,-62.102,-62.28,-62.453,-62.621,-62.783,-62.938,-63.086,-63.226,-63.357,-63.479,-63.592,-63.695,-63.788,-63.87,-63.94,-64,-64.047,-64.084,-64.108,-64.12,-64.12,-64.108,-64.084,-64.047,-64,-63.94,-63.87,-63.788,-63.695,-63.592,-63.479,-63.357,-63.226,-63.086,-62.938,-62.783,-62.621,-62.453,-62.28,-62.102,-61.921,-61.736,-61.548,-61.359,-61.169,-60.978,-60.789,-60.6,-60.414,-60.23,-60.051,-59.875,-59.704,-59.54,-59.381,-59.23,-59.086,-58.95,-58.823,-58.705,-58.597,-58.5,-58.412,-58.336,-58.271,-58.217,-58.175,-58.145,-58.127,-58.121
-59.507,-59.513,-59.531,-59.561,-59.603,-59.657,-59.722,-59.798,-59.886,-59.983,-60.091,-60.209,-60.336,-60.472,-60.616,-60.767,-60.925,-61.09,-61.261,-61.437,-61.616,-61.8,-61.986,-62.175,-62.364,-62.555,-62.745,-62.934,-63.122,-63.307,-63.488,-63.666,-63.839,-64.007,-64.169,-64.324,-64.472,-64.612,-64.743,-64.865,-64.978,-65.081,-65.174,-65.256,-65.326,-65.386,-65.433,-65.469,-65.494,-65.506,-65.506,-65.494,-65.469,-65.433,-65.386,-65.326,-65.256,-65.174,-65.081,-64.978,-64.865,-64.743,-64.612,-64.472,-64.324,-64.169,-64.007,-63.839,-63.666,-63.488,-63.307,-63.122,-62.934,-62.745,-62.555,-62.364,-62.175,-61.986,-61.8,-61.616,-61.437,-61.261,-61.09,-60.925,-60.767,-60.616,-60.472,-60.336,-60.209,-60.091,-59.983,-59.886,-59.798,-59.722,-59.657,-59.603,-59.561,-59.531,-59.513,-59.507
-60.584,-60.59,-60.608,-60.638,-60.68,-60.734,-60.799,-60.875,-60.963,-61.06,-61.168,-61.286,-61.413,-61.549,-61.693,-61.844,-62.003,-62.167,-62.338,-62.514,-62.693,-62.877,-63.063,-63.252,-63.441,-63.632,-63.822,-64.011,-64.199,-64.384,-64.565,-64.743,-64.916,-65.084,-65.246,-65.401,-65.549,-65.689,-65.82,-65.942,-66.055,-66.158,-66.251,-66.333,-66.403,-66.463,-66.51,-66.547,-66.571,-66.583,-66.583,-66.571,-66.547,-66.51,-66.463,-66.403,-66.333,-66.251,-66.158,-66.055,-65.942,-65.82,-65.689,-65.549,-65.401,-65.246,-65.084,-64.916,-64.743,-64.565,-64.384,-64.199,-64.011,-63.822,-63.632,-63.441,-63.252,-63.063,-62.877,-62.693,-62.514,-62.338,-62.167,-62.003,-61.844,-61.693,-61.549,-61.413,-61.286,-61.168,-61.06,-60.963,-60.875,-60.799,-60.734,-60.68,-60.638,-60.608,-60.59,-60.584
-61.109,-61.115,-61.133,-61.163,-61.205,-61.259,-61.324,-61.4,-61.488,-61.585,-61.693,-61.811,-61.938,-62.074,-62.218,-62.369,-62.528,-62.692,-62.863,-63.039,-63.218,-63.402,-63.588,-63.777,-63.966,-64.157,-64.347,-64.536,-64.724,-64.909,-65.09,-65.268,-65.441,-65.609,-65.771,-65.926,-66.074,-66.214,-66.345,-66.467,-66.58,-66.683,-66.776,-66.858,-66.928,-66.988,-67.035,-67.072,-67.096,-67.108,-67.108,-67.096,-67.072,-67.035,-66.988,-66.928,-66.858,-66.776,-66.683,-66.58,-66.467,-66.345,-66.214,-66.074,-65.926,-65.771,-65.609,-65.441,-65.268,-65.09,-64.909,-64.724,-64.536,-64.347,-64.157,-63.966,-63.777,-63.588,-63.402,-63.218,-63.039,-62.863,-62.692,-62.528,-62.369,-62.218,-62.074,-61.938,-61.811,-61.693,-61.585,-61.488,-61.4,-61.324,-61.259,-61.205,-61.163,-61.133,-61.115,-61.109
-61.823,-61.829,-61.848,-61.878,-61.92,-61.973,-62.038,-62.115,-62.202,-62.3,-62.408,-62.525,-62.652,-62.788,-62.932,-63.083,-63.242,-63.407,-63.577,-63.753,-63.933,-64.116,-64.302,-64.491,-64.681,-64.871,-65.061,-65.25,-65.438,-65.623,-65.805,-65.982,-66.156,-66.323,-66.485,-66.64,-66.788,-66.928,-67.059,-67.182,-67.294,-67.397,-67.49,-67.572,-67.642,-67.702,-67.75,-67.786,-67.81,-67.822,-67.822,-67.81,-67.786,-67.75,-67.702,-67.642,-67.572,-67.49,-67.397,-67.294,-67.182,-67.059,-66.928,-66.788,-66.64,-66.485,-66.323,-66.156,-65.982,-65.805,-65.623,-65.438,-65.25,-65.061,-64.871,-64.681,-64.491,-64.302,-64.116,-63.933,-63.753,-63.577,-63.407,-63.242,-63.083,-62.932,-62.788,-62.652,-62.525,-62.408,-62.3,-62.202,-62.115,-62.038,-61.973,-61.92,-61.878,-61.848,-61.829,-61.823
-62.179,-62.185,-62.203,-62.233,-62.275,-62.329,-62.394,-62.47,-62.558,-62.655,-62.763,-62.881,-63.008,-63.144,-63.287,-63.439,-63.597,-63.762,-63.933,-64.108,-64.288,-64.472,-64.658,-64.847,-65.036,-65.227,-65.417,-65.606,-65.793,-65.978,-66.16,-66.338,-66.511,-66.679,-66.841,-66.996,-67.144,-67.283,-67.415,-67.537,-67.65,-67.753,-67.846,-67.927,-67.998,-68.058,-68.105,-68.141,-68.165,-68.178,-68.178,-68.165,-68.141,-68.105,-68.058,-67.998,-67.927,-67.846,-67.753,-67.65,-67.537,-67.415,-67.283,-67.144,-66.996,-66.841,-66.679,-66.511,-66.338,-66.16,-65.978,-65.793,-65.606,-65.417,-65.227,-65.036,-64.847,-64.658,-64.472,-64.288,-64.108,-63.933,-63.762,-63.597,-63.439,-63.287,-63.144,-63.008,-62.881,-62.763,-62.655,-62.558,-62.47,-62.394,-62.329,-62.275,-62.233,-62.203,-62.185,-62.179
-62.701,-62.707,-62.725,-62.755,-62.797,-62.851,-62.916,-62.992,-63.08,-63.177,-63.285,-63.403,-63.53,-63.666,-63.81,-63.961,-64.12,-64.284,-64.455,-64.631,-64.81,-64.994,-65.18,-65.369,-65.558,-65.749,-65.939,-66.128,-66.316,-66.501,-66.682,-66.86,-67.033,-67.201,-67.363,-67.518,-67.666,-67.806,-67.937,-68.059,-68.172,-68.275,-68.368,-68.45,-68.52,-68.58,-68.627,-68.663,-68.688,-68.7,-68.7,-68.688,-68.663,-68.627,-68.58,-68.52,-68.45,-68.368,-68.275,-68.172,-68.059,-67.937,-67.806,-67.666,-67.518,-67.363,-67.201,-67.033,-66.86,-66.682,-66.501,-66.316,-66.128,-65.939,-65.749,-65.558,-65.369,-65.18,-64.994,-64.81,-64.631,-64.455,-64.284,-64.12,-63.961,-63.81,-63.666,-63.53,-63.403,-63.285,-63.177,-63.08,-62.992,-62.916,-62.851,-62.797,-62.755,-62.725,-62.707,-62.701
-63.421,-63.427,-63.445,-63.475,-63.517,-63.571,-63.636,-63.712,-63.8,-63.898,-64.005,-64.123,-64.25,-64.386,-64.53,-64.681,-64.84,-65.004,-65.175,-65.351,-65.531,-65.714,-65.9,-66.089,-66.279,-66.469,-66.659,-66.848,-67.036,-67.221,-67.402,-67.58,-67.753,-67.921,-68.083,-68.238,-68.386,-68.526,-68.657,-68.779,-68.892,-68.995,-69.088,-69.17,-69.24,-69.3,-69.348,-69.384,-69.408,-69.42,-69.42,-69.408,-69.384,-69.348,-69.3,-69.24,-69.17,-69.088,-68.995,-68.892,-68.779,-68.657,-68.526,-68.386,-68.238,-68.083,-67.921,-67.753,-67.58,-67.402,-67.221,-67.036,-66.848,-66.659,-66.469,-66.279,-66.089,-65.9,-65.714,-65.531,-65.351,-65.175,-65.004,-64.84,-64.681,-64.53,-64.386,-64.25,-64.123,-64.005,-63.898,-63.8,-63.712,-63.636,-63.571,-63.517,-63.475,-63.445,-63.427,-63.421
-64.494,-64.5,-64.518,-64.548,-64.59,-64.643,-64.708,-64.785,-64.872,-64.97,-65.078,-65.195,-65.322,-65.458,-65.602,-65.753,-65.912,-66.077,-66.247,-66.423,-66.603,-66.786,-66.973,-67.161,-67.351,-67.541,-67.731,-67.92,-68.108,-68.293,-68.475,-68.653,-68.826,-68.994,-69.155,-69.31,-69.458,-69.598,-69.729,-69.852,-69.965,-70.067,-70.16,-70.242,-70.313,-70.372,-70.42,-70.456,-70.48,-70.492,-70.492,-70.48,-70.456,-70.42,-70.372,-70.313,-70.242,-70.16,-70.067,-69.965,-69.852,-69.729,-69.598,-69.458,-69.31,-69.155,-68.994,-68.826,-68.653,-68.475,-68.293,-68.108,-67.92,-67.731,-67.541,-67.351,-67.161,-66.973,-66.786,-66.603,-66.423,-66.247,-66.077,-65.912,-65.753,-65.602,-65.458,-65.322,-65.195,-65.078,-64.97,-64.872,-64.785,-64.708,-64.643,-64.59,-64.548,-64.518,-64.5,-64.494
-65.948,-65.954,-65.972,-66.002,-66.044,-66.098,-66.163,-66.239,-66.327,-66.424,-66.532,-66.65,-66.777,-66.913,-67.056,-67.208,-67.366,-67.531,-67.702,-67.877,-68.057,-68.241,-68.427,-68.616,-68.805,-68.996,-69.186,-69.375,-69.563,-69.748,-69.929,-70.107,-70.28,-70.448,-70.61,-70.765,-70.913,-71.053,-71.184,-71.306,-71.419,-71.522,-71.615,-71.696,-71.767,-71.827,-71.874,-71.91,-71.935,-71.947,-71.947,-71.935,-71.91,-71.874,-71.827,-71.767,-71.696,-71.615,-71.522,-71.419,-71.306,-71.184,-71.053,-70.913,-70.765,-70.61,-70.448,-70.28,-70.107,-69.929,-69.748,-69.563,-69.375,-69.186,-68.996,-68.805,-68.616,-68.427,-68.241,-68.057,-67.877,-67.702,-67.531,-67.366,-67.208,-67.056,-66.913,-66.777,-66.65,-66.532,-66.424,-66.327,-66.239,-66.163,-66.098,-66.044,-66.002,-65.972,-65.954,-65.948
-67.494,-67.5,-67.518,-67.548,-67.59,-67.643,-67.709,-67.785,-67.872,-67.97,-68.078,-68.196,-68.322,-68.458,-68.602,-68.753,-68.912,-69.077,-69.247,-69.423,-69.603,-69.786,-69.973,-70.161,-70.351,-70.541,-70.731,-70.921,-71.108,-71.293,-71.475,-71.653,-71.826,-71.994,-72.155,-72.31,-72.458,-72.598,-72.729,-72.852,-72.965,-73.068,-73.16,-73.242,-73.313,-73.372,-73.42,-73.456,-73.48,-73.492,-73.492,-73.48,-73.456,-73.42,-73.372,-73.313,-73.242,-73.16,-73.068,-72.965,-72.852,-72.729,-72.598,-72.458,-72.31,-72.155,-71.994,-71.826,-71.653,-71.475,-71.293,-71.108,-70.921,-70.731,-70.541,-70.351,-70.161,-69.973,-69.786,-69.603,-69.423,-69.247,-69.077,-68.912,-68.753,-68.602,-68.458,-68.322,-68.196,-68.078,-67.97,-67.872,-67.785,-67.709,-67.643,-67.59,-67.548,-67.518,-67.5,-67.494
-68.567,-68.573,-68.591,-68.621,-68.663,-68.717,-68.782,-68.858,-68.946,-69.043,-69.151,-69.269,-69.396,-69.532,-69.676,-69.827,-69.986,-70.15,-70.321,-70.497,-70.676,-70.86,-71.046,-71.235,-71.424,-71.615,-71.805,-71.994,-72.182,-72.367,-72.548,-72.726,-72.899,-73.067,-73.229,-73.384,-73.532,-73.672,-73.803,-73.925,-74.038,-74.141,-74.234,-74.316,-74.386,-74.446,-74.494,-74.53,-74.554,-74.566,-74.566,-74.554,-74.53,-74.494,-74.446,-74.386,-74.316,-74.234,-74.141,-74.038,-73.925,-73.803,-73.672,-73.532,-73.384,-73.229,-73.067,-72.899,-72.726,-72.548,-72.367,-72.182,-71.994,-71.805,-71.615,-71.424,-71.235,-71.046,-70.86,-70.676,-70.497,-70.321,-70.15,-69.986,-69.827,-69.676,-69.532,-69.396,-69.269,-69.151,-69.043,-68.946,-68.858,-68.782,-68.717,-68.663,-68.621,-68.591,-68.573,-68.567
-69.434,-69.44,-69.458,-69.488,-69.53,-69.584,-69.649,-69.725,-69.812,-69.91,-70.018,-70.136,-70.263,-70.398,-70.542,-70.694,-70.852,-71.017,-71.187,-71.363,-71.543,-71.726,-71.913,-72.101,-72.291,-72.481,-72.671,-72.861,-73.048,-73.233,-73.415,-73.593,-73.766,-73.934,-74.095,-74.251,-74.398,-74.538,-74.67,-74.792,-74.905,-75.008,-75.1,-75.182,-75.253,-75.312,-75.36,-75.396,-75.42,-75.432,-75.432,-75.42,-75.396,-75.36,-75.312,-75.253,-75.182,-75.1,-75.008,-74.905,-74.792,-74.67,-74.538,-74.398,-74.251,-74.095,-73.934,-73.766,-73.593,-73.415,-73.233,-73.048,-72.861,-72.671,-72.481,-72.291,-72.101,-71.913,-71.726,-71.543,-71.363,-71.187,-71.017,-70.852,-70.694,-70.542,-70.398,-70.263,-70.136,-70.018,-69.91,-69.812,-69.725,-69.649,-69.584,-69.53,-69.488,-69.458,-69.44,-69.434
-70.232,-70.239,-70.257,-70.287,-70.329,-70.382,-70.447,-70.524,-70.611,-70.709,-70.817,-70.934,-71.061,-71.197,-71.341,-71.492,-71.651,-71.816,-71.986,-72.162,-72.342,-72.525,-72.712,-72.9,-73.09,-73.28,-73.47,-73.659,-73.847,-74.032,-74.214,-74.392,-74.565,-74.732,-74.894,-75.049,-75.197,-75.337,-75.468,-75.591,-75.704,-75.806,-75.899,-75.981,-76.052,-76.111,-76.159,-76.195,-76.219,-76.231,-76.231,-76.219,-76.195,-76.159,-76.111,-76.052,-75.981,-75.899,-75.806,-75.704,-75.591,-75.468,-75.337,-75.197,-75.049,-74.894,-74.732,-74.565,-74.392,-74.214,-74.032,-73.847,-73.659,-73.47,-73.28,-73.09,-72.9,-72.712,-72.525,-72.342,-72.162,-71.986,-71.816,-71.651,-71.492,-71.341,-71.197,-71.061,-70.934,-70.817,-70.709,-70.611,-70.524,-70.447,-70.382,-70.329,-70.287,-70.257,-70.239,-70.232
-70.613,-70.619,-70.637,-70.667,-70.709,-70.763,-70.828,-70.904,-70.991,-71.089,-71.197,-71.315,-71.442,-71.577,-71.721,-71.873,-72.031,-72.196,-72.367,-72.542,-72.722,-72.906,-73.092,-73.28,-73.47,-73.66,-73.851,-74.04,-74.227,-74.412,-74.594,-74.772,-74.945,-75.113,-75.275,-75.43,-75.577,-75.717,-75.849,-75.971,-76.084,-76.187,-76.279,-76.361,-76.432,-76.491,-76.539,-76.575,-76.599,-76.611,-76.611,-76.599,-76.575,-76.539,-76.491,-76.432,-76.361,-76.279,-76.187,-76.084,-75.971,-75.849,-75.717,-75.577,-75.43,-75.275,-75.113,-74.945,-74.772,-74.594,-74.412,-74.227,-74.04,-73.851,-73.66,-73.47,-73.28,-73.092,-72.906,-72.722,-72.542,-72.367,-72.196,-72.031,-71.873,-71.721,-71.577,-71.442,-71.315,-71.197,-71.089,-70.991,-70.904,-70.828,-70.763,-70.709,-70.667,-70.637,-70.619,-70.613
-72.361,-72.367,-72.385,-72.415,-72.457,-72.511,-72.576,-72.652,-72.74,-72.837,-72.945,-73.063,-73.19,-73.326,-73.47,-73.621,-73.78,-73.944,-74.115,-74.291,-74.47,-74.654,-74.84,-75.029,-75.218,-75.409,-75.599,-75.788,-75.976,-76.161,-76.342,-76.52,-76.693,-76.861,-77.023,-77.178,-77.326,-77.466,-77.597,-77.719,-77.832,-77.935,-78.028,-78.11,-78.18,-78.24,-78.288,-78.324,-78.348,-78.36,-78.36,-78.348,-78.324,-78.288,-78.24,-78.18,-78.11,-78.028,-77.935,-77.832,-77.719,-77.597,-77.466,-77.326,-77.178,-77.023,-76.861,-76.693,-76.52,-76.342,-76.161,-75.976,-75.788,-75.599,-75.409,-75.218,-75.029,-74.84,-74.654,-74.47,-74.291,-74.115,-73.944,-73.78,-73.621,-73.47,-73.326,-73.19,-73.063,-72.945,-72.837,-72.74,-72.652,-72.576,-72.511,-72.457,-72.415,-72.385,-72.367,-72.361
-74.347,-74.353,-74.372,-74.402,-74.444,-74.497,-74.562,-74.639,-74.726,-74.824,-74.932,-75.049,-75.176,-75.312,-75.456,-75.607,-75.766,-75.931,-76.101,-76.277,-76.457,-76.64,-76.826,-77.015,-77.205,-77.395,-77.585,-77.774,-77.962,-78.147,-78.329,-78.506,-78.68,-78.847,-79.009,-79.164,-79.312,-79.452,-79.583,-79.706,-79.818,-79.921,-80.014,-80.096,-80.166,-80.226,-80.274,-80.31,-80.334,-80.346,-80.346,-80.334,-80.31,-80.274,-80.226,-80.166,-80.096,-80.014,-79.921,-79.818,-79.706,-79.583,-79.452,-79.312,-79.164,-79.009,-78.847,-78.68,-78.506,-78.329,-78.147,-77.962,-77.774,-77.585,-77.395,-77.205,-77.015,-76.826,-76.64,-76.457,-76.277,-76.101,-75.931,-75.766,-75.607,-75.456,-75.312,-75.176,-75.049,-74.932,-74.824,-74.726,-74.639,-74.562,-74.497,-74.444,-74.402,-74.372,-74.353,-74.347
-76.603,-76.609,-76.627,-76.657,-76.699,-76.753,-76.818,-76.894,-76.981,-77.079,-77.187,-77.305,-77.432,-77.567,-77.711,-77.863,-78.021,-78.186,-78.357,-78.532,-78.712,-78.896,-79.082,-79.27,-79.46,-79.65,-79.841,-80.03,-80.217,-80.402,-80.584,-80.762,-80.935,-81.103,-81.265,-81.42,-81.567,-81.707,-81.839,-81.961,-82.074,-82.177,-82.269,-82.351,-82.422,-82.481,-82.529,-82.565,-82.589,-82.601,-82.601,-82.589,-82.565,-82.529,-82.481,-82.422,-82.351,-82.269,-82.177,-82.074,-81.961,-81.839,-81.707,-81.567,-81.42,-81.265,-81.103,-80.935,-80.762,-80.584,-80.402,-80.217,-80.03,-79.841,-79.65,-79.46,-79.27,-79.082,-78.896,-78.712,-78.532,-78.357,-78.186,-78.021,-77.863,-77.711,-77.567,-77.432,-77.305,-77.187,-77.079,-76.981,-76.894,-76.818,-76.753,-76.699,-76.657,-76.627,-76.609,-76.603
-77.77,-77.776,-77.794,-77.824,-77.866,-77.919,-77.984,-78.061,-78.148,-78.246,-78.354,-78.471,-78.598,-78.734,-78.878,-79.029,-79.188,-79.353,-79.523,-79.699,-79.879,-80.062,-80.249,-80.437,-80.627,-80.817,-81.007,-81.196,-81.384,-81.569,-81.751,-81.929,-82.102,-82.27,-82.431,-82.586,-82.734,-82.874,-83.005,-83.128,-83.241,-83.343,-83.436,-83.518,-83.589,-83.648,-83.696,-83.732,-83.756,-83.768,-83.768,-83.756,-83.732,-83.696,-83.648,-83.589,-83.518,-83.436,-83.343,-83.241,-83.128,-83.005,-82.874,-82.734,-82.586,-82.431,-82.27,-82.102,-81.929,-81.751,-81.569,-81.384,-81.196,-81.007,-80.817,-80.627,-80.437,-80.249,-80.062,-79.879,-79.699,-79.523,-79.353,-79.188,-79.029,-78.878,-78.734,-78.598,-78.471,-78.354,-78.246,-78.148,-78.061,-77.984,-77.919,-77.866,-77.824,-77.794,-77.776,-77.77
-79.01,-79.016,-79.034,-79.064,-79.106,-79.16,-79.225,-79.301,-79.388,-79.486,-79.594,-79.712,-79.839,-79.974,-80.118,-80.27,-80.428,-80.593,-80.764,-80.939,-81.119,-81.303,-81.489,-81.677,-81.867,-82.058,-82.248,-82.437,-82.624,-82.809,-82.991,-83.169,-83.342,-83.51,-83.672,-83.827,-83.975,-84.114,-84.246,-84.368,-84.481,-84.584,-84.677,-84.758,-84.829,-84.888,-84.936,-84.972,-84.996,-85.008,-85.008,-84.996,-84.972,-84.936,-84.888,-84.829,-84.758,-84.677,-84.584,-84.481,-84.368,-84.246,-84.114,-83.975,-83.827,-83.672,-83.51,-83.342,-83.169,-82.991,-82.809,-82.624,-82.437,-82.248,-82.058,-81.867,-81.677,-81.489,-81.303,-81.119,-80.939,-80.764,-80.593,-80.428,-80.27,-80.118,-79.974,-79.839,-79.712,-79.594,-79.486,-79.388,-79.301,-79.225,-79.16,-79.106,-79.064,-79.034,-79.016,-79.01
-79.946,-79.952,-79.97,-80,-80.042,-80.096,-80.161,-80.237,-80.325,-80.423,-80.53,-80.648,-80.775,-80.911,-81.055,-81.206,-81.365,-81.529,-81.7,-81.876,-82.056,-82.239,-82.425,-82.614,-82.804,-82.994,-83.184,-83.373,-83.561,-83.746,-83.927,-84.105,-84.278,-84.446,-84.608,-84.763,-84.911,-85.051,-85.182,-85.304,-85.417,-85.52,-85.613,-85.695,-85.765,-85.825,-85.873,-85.909,-85.933,-85.945,-85.945,-85.933,-85.909,-85.873,-85.825,-85.765,-85.695,-85.613,-85.52,-85.417,-85.304,-85.182,-85.051,-84.911,-84.763,-84.608,-84.446,-84.278,-84.105,-83.927,-83.746,-83.561,-83.373,-83.184,-82.994,-82.804,-82.614,-82.425,-82.239,-82.056,-81.876,-81.7,-81.529,-81.365,-81.206,-81.055,-80.911,-80.775,-80.648,-80.53,-80.423,-80.325,-80.237,-80.161,-80.096,-80.042,-80,-79.97,-79.952,-79.946
-82.51,-82.516,-82.535,-82.565,-82.607,-82.66,-82.725,-82.802,-82.889,-82.987,-83.095,-83.212,-83.339,-83.475,-83.619,-83.77,-83.929,-84.094,-84.264,-84.44,-84.62,-84.803,-84.99,-85.178,-85.368,-85.558,-85.748,-85.937,-86.125,-86.31,-86.492,-86.669,-86.843,-87.01,-87.172,-87.327,-87.475,-87.615,-87.746,-87.869,-87.981,-88.084,-88.177,-88.259,-88.33,-88.389,-88.437,-88.473,-88.497,-88.509,-88.509,-88.497,-88.473,-88.437,-88.389,-88.33,-88.259,-88.177,-88.084,-87.981,-87.869,-87.746,-87.615,-87.475,-87.327,-87.172,-87.01,-86.843,-86.669,-86.492,-86.31,-86.125,-85.937,-85.748,-85.558,-85.368,-85.178,-84.99,-84.803,-84.62,-84.44,-84.264,-84.094,-83.929,-83.77,-83.619,-83.475,-83.339,-83.212,-83.095,-82.987,-82.889,-82.802,-82.725,-82.66,-82.607,-82.565,-82.535,-82.516,-82.51
-83.815,-83.821,-83.839,-83.869,-83.911,-83.965,-84.03,-84.106,-84.193,-84.291,-84.399,-84.517,-84.644,-84.78,-84.923,-85.075,-85.233,-85.398,-85.569,-85.744,-85.924,-86.108,-86.294,-86.483,-86.672,-86.863,-87.053,-87.242,-87.429,-87.614,-87.796,-87.974,-88.147,-88.315,-88.477,-88.632,-88.78,-88.919,-89.051,-89.173,-89.286,-89.389,-89.482,-89.563,-89.634,-89.694,-89.741,-89.777,-89.801,-89.814,-89.814,-89.801,-89.777,-89.741,-89.694,-89.634,-89.563,-89.482,-89.389,-89.286,-89.173,-89.051,-88.919,-88.78,-88.632,-88.477,-88.315,-88.147,-87.974,-87.796,-87.614,-87.429,-87.242,-87.053,-86.863,-86.672,-86.483,-86.294,-86.108,-85.924,-85.744,-85.569,-85.398,-85.233,-85.075,-84.923,-84.78,-84.644,-84.517,-84.399,-84.291,-84.193,-84.106,-84.03,-83.965,-83.911,-83.869,-83.839,-83.821,-83.815
-84.091,-84.097,-84.116,-84.146,-84.188,-84.241,-84.306,-84.383,-84.47,-84.568,-84.676,-84.793,-84.92,-85.056,-85.2,-85.351,-85.51,-85.675,-85.845,-86.021,-86.201,-86.384,-86.57,-86.759,-86.949,-87.139,-87.329,-87.518,-87.706,-87.891,-88.073,-88.25,-88.424,-88.591,-88.753,-88.908,-89.056,-89.196,-89.327,-89.45,-89.562,-89.665,-89.758,-89.84,-89.911,-89.97,-90.018,-90.054,-90.078,-90.09,-90.09,-90.078,-90.054,-90.018,-89.97,-89.911,-89.84,-89.758,-89.665,-89.562,-89.45,-89.327,-89.196,-89.056,-88.908,-88.753,-88.591,-88.424,-88.25,-88.073,-87.891,-87.706,-87.518,-87.329,-87.139,-86.949,-86.759,-86.57,-86.384,-86.201,-86.021,-85.845,-85.675,-85.51,-85.351,-85.2,-85.056,-84.92,-84.793,-84.676,-84.568,-84.47,-84.383,-84.306,-84.241,-84.188,-84.146,-84.116,-84.097,-84.091
-85.108,-85.114,-85.132,-85.162,-85.204,-85.258,-85.323,-85.399,-85.487,-85.584,-85.692,-85.81,-85.937,-86.073,-86.216,-86.368,-86.526,-86.691,-86.862,-87.037,-87.217,-87.401,-87.587,-87.776,-87.965,-88.156,-88.346,-88.535,-88.723,-88.908,-89.089,-89.267,-89.44,-89.608,-89.77,-89.925,-90.073,-90.213,-90.344,-90.466,-90.579,-90.682,-90.775,-90.856,-90.927,-90.987,-91.034,-91.07,-91.095,-91.107,-91.107,-91.095,-91.07,-91.034,-90.987,-90.927,-90.856,-90.775,-90.682,-90.579,-90.466,-90.344,-90.213,-90.073,-89.925,-89.77,-89.608,-89.44,-89.267,-89.089,-88.908,-88.723,-88.535,-88.346,-88.156,-87.965,-87.776,-87.587,-87.401,-87.217,-87.037,-86.862,-86.691,-86.526,-86.368,-86.216,-86.073,-85.937,-85.81,-85.692,-85.584,-85.487,-85.399,-85.323,-85.258,-85.204,-85.162,-85.132,-85.114,-85.108
-86.219,-86.225,-86.243,-86.273,-86.315,-86.369,-86.434,-86.51,-86.598,-86.695,-86.803,-86.921,-87.048,-87.184,-87.328,-87.479,-87.638,-87.802,-87.973,-88.149,-88.328,-88.512,-88.698,-88.887,-89.076,-89.267,-89.457,-89.646,-89.834,-90.019,-90.2,-90.378,-90.551,-90.719,-90.881,-91.036,-91.184,-91.324,-91.455,-91.577,-91.69,-91.793,-91.886,-91.968,-92.038,-92.098,-92.146,-92.182,-92.206,-92.218,-92.218,-92.206,-92.182,-92.146,-92.098,-92.038,-91.968,-91.886,-91.793,-91.69,-91.577,-91.455,-91.324,-91.184,-91.036,-90.881,-90.719,-90.551,-90.378,-90.2,-90.019,-89.834,-89.646,-89.457,-89.267,-89.076,-88.887,-88.698,-88.512,-88.328,-88.149,-87.973,-87.802,-87.638,-87.479,-87.328,-87.184,-87.048,-86.921,-86.803,-86.695,-86.598,-86.51,-86.434,-86.369,-86.315,-86.273,-86.243,-86.225,-86.219
