34.497,35.068,35.637,36.201,36.758,37.306,37.842,38.366,38.873,39.363,39.834,40.282,40.708,41.109,41.483,41.829,42.145,42.43,42.684,42.905,43.092,43.244,43.361,43.442,43.487,43.496,43.469,43.406,43.307,43.172,43.002,42.799,42.561,42.292,41.991,41.659,41.299,40.912,40.498,40.061,39.601,39.121,38.621,38.106,37.576,37.033,36.48,35.919,35.353,34.783,34.212,33.642,33.075,32.515,31.962,31.419,30.889,30.373,29.874,29.394,28.934,28.496,28.083,27.696,27.336,27.004,26.703,26.433,26.196,25.992,25.823,25.688,25.589,25.526,25.499,25.508,25.553,25.634,25.751,25.903,26.09,26.311,26.564,26.85,27.166,27.512,27.886,28.287,28.712,29.161,29.632,30.122,30.629,31.152,31.689,32.237,32.794,33.358,33.927,34.497
24.338,24.908,25.477,26.041,26.598,27.146,27.683,28.206,28.713,29.203,29.674,30.123,30.548,30.949,31.323,31.669,31.985,32.271,32.524,32.745,32.932,33.084,33.201,33.282,33.327,33.336,33.309,33.246,33.147,33.012,32.843,32.639,32.402,32.132,31.831,31.499,31.139,30.752,30.338,29.901,29.441,28.961,28.462,27.946,27.416,26.873,26.32,25.76,25.193,24.623,24.052,23.482,22.916,22.355,21.802,21.259,20.729,20.214,19.714,19.234,18.774,18.337,17.923,17.536,17.176,16.844,16.543,16.274,16.036,15.833,15.663,15.528,15.429,15.366,15.339,15.348,15.393,15.474,15.591,15.743,15.93,16.151,16.404,16.69,17.006,17.352,17.726,18.127,18.552,19.001,19.472,19.962,20.469,20.993,21.529,22.077,22.634,23.198,23.767,24.338
21.817,22.388,22.957,23.521,24.078,24.626,25.162,25.685,26.193,26.683,27.153,27.602,28.028,28.429,28.803,29.149,29.465,29.75,30.004,30.225,30.411,30.564,30.681,30.762,30.807,30.816,30.789,30.726,30.627,30.492,30.322,30.119,29.881,29.612,29.31,28.979,28.619,28.232,27.818,27.381,26.921,26.44,25.941,25.426,24.896,24.353,23.8,23.239,22.673,22.103,21.532,20.962,20.395,19.835,19.282,18.739,18.209,17.693,17.194,16.714,16.254,15.816,15.403,15.016,14.655,14.324,14.023,13.753,13.516,13.312,13.143,13.008,12.909,12.846,12.818,12.828,12.873,12.954,13.071,13.223,13.41,13.631,13.884,14.17,14.486,14.832,15.206,15.607,16.032,16.481,16.952,17.442,17.949,18.472,19.009,19.557,20.114,20.678,21.247,21.817
19.404,19.974,20.543,21.107,21.664,22.212,22.748,23.272,23.779,24.269,24.74,25.189,25.614,26.015,26.389,26.735,27.051,27.337,27.59,27.811,27.998,28.15,28.267,28.348,28.393,28.402,28.375,28.312,28.213,28.078,27.909,27.705,27.467,27.198,26.897,26.565,26.205,25.818,25.404,24.967,24.507,24.027,23.528,23.012,22.482,21.939,21.386,20.826,20.259,19.689,19.118,18.548,17.982,17.421,16.868,16.325,15.795,15.279,14.78,14.3,13.84,13.403,12.989,12.602,12.242,11.91,11.609,11.34,11.102,10.899,10.729,10.594,10.495,10.432,10.405,10.414,10.459,10.54,10.657,10.809,10.996,11.217,11.47,11.756,12.072,12.418,12.792,13.193,13.618,14.067,14.538,15.028,15.535,16.059,16.595,17.143,17.7,18.264,18.833,19.404
16.684,17.255,17.823,18.387,18.944,19.492,20.029,20.552,21.06,21.55,22.02,22.469,22.895,23.295,23.669,24.015,24.332,24.617,24.871,25.091,25.278,25.43,25.547,25.629,25.674,25.683,25.656,25.593,25.493,25.359,25.189,24.985,24.748,24.478,24.177,23.846,23.486,23.098,22.685,22.248,21.788,21.307,20.808,20.292,19.762,19.22,18.667,18.106,17.54,16.97,16.399,15.829,15.262,14.701,14.149,13.606,13.076,12.56,12.061,11.581,11.121,10.683,10.27,9.8824,9.5223,9.191,8.8899,8.6202,8.3829,8.1791,8.0095,7.8749,7.7757,7.7124,7.6852,7.6943,7.7396,7.8208,7.9378,8.09,8.2768,8.4974,8.751,9.0366,9.3529,9.6988,10.073,10.473,10.899,11.348,11.818,12.308,12.816,13.339,13.876,14.424,14.981,15.545,16.113,16.684
14.815,15.386,15.954,16.518,17.075,17.623,18.16,18.683,19.19,19.68,20.151,20.6,21.025,21.426,21.8,22.146,22.462,22.748,23.001,23.222,23.409,23.561,23.678,23.759,23.805,23.814,23.786,23.723,23.624,23.489,23.32,23.116,22.879,22.609,22.308,21.977,21.616,21.229,20.816,20.378,19.918,19.438,18.939,18.423,17.893,17.35,16.797,16.237,15.67,15.1,14.529,13.959,13.393,12.832,12.279,11.737,11.206,10.691,10.192,9.7112,9.2513,8.8138,8.4004,8.0129,7.6528,7.3216,7.0205,6.7508,6.5135,6.3097,6.1401,6.0055,5.9063,5.843,5.8158,5.8249,5.8702,5.9514,6.0684,6.2206,6.4074,6.628,6.8816,7.1672,7.4835,7.8294,8.2034,8.604,9.0296,9.4785,9.9489,10.439,10.947,11.47,12.006,12.554,13.111,13.675,14.244,14.815
12.638,13.209,13.777,14.341,14.898,15.446,15.983,16.506,17.014,17.504,17.974,18.423,18.849,19.249,19.623,19.969,20.285,20.571,20.825,21.045,21.232,21.384,21.501,21.582,21.628,21.637,21.61,21.546,21.447,21.312,21.143,20.939,20.702,20.432,20.131,19.8,19.44,19.052,18.639,18.201,17.741,17.261,16.762,16.246,15.716,15.173,14.621,14.06,13.493,12.923,12.352,11.782,11.216,10.655,10.102,9.5596,9.0295,8.5138,8.0147,7.5343,7.0744,6.6369,6.2236,5.8361,5.476,5.1447,4.8436,4.5739,4.3366,4.1328,3.9633,3.8286,3.7294,3.6661,3.639,3.648,3.6933,3.7746,3.8915,4.0437,4.2305,4.4511,4.7047,4.9903,5.3066,5.6525,6.0265,6.4271,6.8527,7.3017,7.7721,8.2621,8.7697,9.2929,9.8295,10.377,10.935,11.498,12.067,12.638
10.978,11.549,12.117,12.681,13.238,13.786,14.323,14.846,15.353,15.843,16.314,16.763,17.188,17.589,17.963,18.309,18.625,18.911,19.164,19.385,19.572,19.724,19.841,19.922,19.968,19.977,19.949,19.886,19.787,19.652,19.483,19.279,19.042,18.772,18.471,18.14,17.779,17.392,16.979,16.541,16.081,15.601,15.102,14.586,14.056,13.513,12.961,12.4,11.833,11.263,10.692,10.122,9.5557,8.9949,8.4421,7.8995,7.3693,6.8537,6.3546,5.8742,5.4143,4.9768,4.5635,4.176,3.8159,3.4846,3.1835,2.9138,2.6765,2.4727,2.3031,2.1685,2.0693,2.006,1.9789,1.9879,2.0332,2.1145,2.2314,2.3836,2.5704,2.791,3.0446,3.3302,3.6465,3.9924,4.3664,4.767,5.1926,5.6416,6.112,6.602,7.1096,7.6328,8.1694,8.7174,9.2745,9.8384,10.407,10.978
9.226,9.7968,10.365,10.929,11.486,12.034,12.571,13.094,13.602,14.092,14.562,15.011,15.437,15.837,16.211,16.557,16.874,17.159,17.413,17.633,17.82,17.972,18.089,18.171,18.216,18.225,18.198,18.134,18.035,17.901,17.731,17.527,17.29,17.02,16.719,16.388,16.028,15.64,15.227,14.789,14.33,13.849,13.35,12.834,12.304,11.762,11.209,10.648,10.082,9.5116,8.9405,8.3705,7.804,7.2432,6.6904,6.1478,5.6177,5.102,4.6029,4.1225,3.6626,3.2251,2.8118,2.4243,2.0642,1.7329,1.4318,1.1621,0.92484,0.72102,0.55145,0.41681,0.31763,0.25433,0.22716,0.23622,0.28148,0.36276,0.47972,0.63191,0.8187,1.0393,1.2929,1.5785,1.8948,2.2407,2.6147,3.0153,3.4409,3.8899,4.3603,4.8503,5.3579,5.8811,6.4177,6.9657,7.5228,8.0867,8.6552,9.226
8.5325,9.1033,9.6719,10.236,10.793,11.341,11.877,12.401,12.908,13.398,13.869,14.318,14.743,15.144,15.518,15.864,16.18,16.466,16.719,16.94,17.127,17.279,17.396,17.477,17.522,17.531,17.504,17.441,17.342,17.207,17.038,16.834,16.596,16.327,16.026,15.694,15.334,14.947,14.533,14.096,13.636,13.156,12.657,12.141,11.611,11.068,10.515,9.9545,9.388,8.8181,8.247,7.677,7.1105,6.5497,5.9969,5.4543,4.9242,4.4085,3.9094,3.429,2.9691,2.5316,2.1183,1.7308,1.3707,1.0394,0.7383,0.46858,0.23134,0.027522,-0.14205,-0.27669,-0.37586,-0.43916,-0.46634,-0.45728,-0.41202,-0.33074,-0.21378,-0.061591,0.1252,0.34584,0.59945,0.885,1.2013,1.5472,1.9212,2.3218,2.7474,3.1964,3.6668,4.1568,4.6644,5.1876,5.7242,6.2722,6.8293,7.3932,7.9617,8.5325
7.4054,7.9763,8.5448,9.1087,9.6658,10.214,10.75,11.274,11.781,12.271,12.742,13.191,13.616,14.017,14.391,14.737,15.053,15.339,15.592,15.813,16,16.152,16.269,16.35,16.395,16.404,16.377,16.314,16.215,16.08,15.91,15.707,15.469,15.2,14.899,14.567,14.207,13.82,13.406,12.969,12.509,12.029,11.529,11.014,10.484,9.941,9.3882,8.8275,8.261,7.691,7.1199,6.5499,5.9834,5.4227,4.8699,4.3273,3.7971,3.2814,2.7824,2.3019,1.842,1.4045,0.9912,0.6037,0.24359,-0.08768,-0.38878,-0.6585,-0.89574,-1.0996,-1.2691,-1.4038,-1.5029,-1.5662,-1.5934,-1.5844,-1.5391,-1.4578,-1.3409,-1.1887,-1.0019,-0.78124,-0.52763,-0.24208,0.074265,0.42013,0.79412,1.1947,1.6204,2.0693,2.5397,3.0297,3.5373,4.0605,4.5971,5.1451,5.7022,6.2661,6.8346,7.4054
7.2751,7.8459,8.4145,8.9784,9.5355,10.083,10.62,11.143,11.651,12.141,12.611,13.06,13.486,13.886,14.26,14.606,14.923,15.208,15.462,15.682,15.869,16.021,16.138,16.22,16.265,16.274,16.247,16.184,16.084,15.95,15.78,15.576,15.339,15.069,14.768,14.437,14.077,13.689,13.276,12.839,12.379,11.898,11.399,10.883,10.353,9.8107,9.2579,8.6971,8.1306,7.5607,6.9896,6.4196,5.8531,5.2923,4.7395,4.1969,3.6667,3.1511,2.652,2.1716,1.7117,1.2742,0.86088,0.47338,0.11327,-0.21801,-0.51911,-0.78882,-1.0261,-1.2299,-1.3995,-1.5341,-1.6333,-1.6966,-1.7237,-1.7147,-1.6694,-1.5881,-1.4712,-1.319,-1.1322,-0.91156,-0.65796,-0.37241,-0.05606,0.2898,0.6638,1.0644,1.49,1.939,2.4094,2.8994,3.407,3.9302,4.4668,5.0148,5.5719,6.1358,6.7043,7.2751
6.6731,7.2439,7.8125,8.3764,8.9335,9.4814,10.018,10.541,11.049,11.539,12.009,12.458,12.884,13.284,13.658,14.004,14.321,14.606,14.86,15.08,15.267,15.419,15.536,15.618,15.663,15.672,15.645,15.582,15.482,15.348,15.178,14.974,14.737,14.467,14.166,13.835,13.475,13.087,12.674,12.237,11.777,11.296,10.797,10.282,9.7513,9.2087,8.6559,8.0951,7.5286,6.9587,6.3876,5.8176,5.2511,4.6903,4.1375,3.5949,3.0648,2.5491,2.05,1.5696,1.1097,0.67221,0.25888,-0.12862,-0.48873,-0.82,-1.1211,-1.3908,-1.6281,-1.8319,-2.0015,-2.1361,-2.2353,-2.2986,-2.3257,-2.3167,-2.2714,-2.1901,-2.0732,-1.921,-1.7342,-1.5136,-1.26,-0.9744,-0.65806,-0.31219,0.061802,0.46242,0.88804,1.337,1.8074,2.2974,2.805,3.3282,3.8648,4.4128,4.9699,5.5338,6.1023,6.6731
4.7537,5.3245,5.893,6.4569,7.014,7.562,8.0986,8.6218,9.1294,9.6194,10.09,10.539,10.964,11.365,11.739,12.085,12.401,12.687,12.94,13.161,13.348,13.5,13.617,13.698,13.743,13.753,13.725,13.662,13.563,13.428,13.259,13.055,12.818,12.548,12.247,11.916,11.555,11.168,10.755,10.317,9.8572,9.3768,8.8777,8.362,7.8319,7.2893,6.7365,6.1757,5.6092,5.0392,4.4681,3.8982,3.3317,2.7709,2.2181,1.6755,1.1453,0.62963,0.13057,-0.34987,-0.80976,-1.2473,-1.6606,-2.0481,-2.4082,-2.7395,-3.0406,-3.3103,-3.5475,-3.7513,-3.9209,-4.0556,-4.1547,-4.218,-4.2452,-4.2361,-4.1909,-4.1096,-3.9926,-3.8404,-3.6537,-3.433,-3.1794,-2.8939,-2.5775,-2.2316,-1.8577,-1.457,-1.0314,-0.5825,-0.1121,0.3779,0.88552,1.4087,1.9454,2.4933,3.0504,3.6143,4.1829,4.7537
1.7527,2.3235,2.892,3.4559,4.013,4.561,5.0976,5.6208,6.1284,6.6184,7.0888,7.5378,7.9634,8.364,8.738,9.0838,9.4002,9.6857,9.9394,10.16,10.347,10.499,10.616,10.697,10.742,10.752,10.724,10.661,10.562,10.427,10.258,10.054,9.8166,9.5469,9.2458,8.9145,8.5544,8.1669,7.7536,7.3161,6.8562,6.3758,5.8767,5.361,4.8308,4.2883,3.7355,3.1747,2.6082,2.0382,1.4671,0.89716,0.33065,-0.23013,-0.78293,-1.3255,-1.8557,-2.3714,-2.8704,-3.3509,-3.8108,-4.2483,-4.6616,-5.0491,-5.4092,-5.7405,-6.0416,-6.3113,-6.5485,-6.7523,-6.9219,-7.0566,-7.1557,-7.219,-7.2462,-7.2371,-7.1919,-7.1106,-6.9936,-6.8415,-6.6547,-6.434,-6.1804,-5.8949,-5.5785,-5.2327,-4.8587,-4.458,-4.0324,-3.5835,-3.1131,-2.6231,-2.1155,-1.5923,-1.0556,-0.50767,0.049405,0.61333,1.1819,1.7527
-1.2412,-0.67041,-0.10189,0.46204,1.0191,1.5671,2.1037,2.6269,3.1345,3.6245,4.0949,4.5439,4.9695,5.3701,5.7441,6.09,6.4063,6.6919,6.9455,7.1661,7.3529,7.5051,7.622,7.7033,7.7486,7.7576,7.7305,7.6672,7.568,7.4334,7.2638,7.06,6.8227,6.553,6.2519,5.9206,5.5605,5.173,4.7597,4.3222,3.8623,3.3819,2.8828,2.3672,1.837,1.2944,0.74157,0.18079,-0.38572,-0.95567,-1.5268,-2.0967,-2.6632,-3.224,-3.7768,-4.3194,-4.8496,-5.3653,-5.8643,-6.3448,-6.8047,-7.2421,-7.6555,-8.043,-8.4031,-8.7344,-9.0354,-9.3052,-9.5424,-9.7462,-9.9158,-10.05,-10.15,-10.213,-10.24,-10.231,-10.186,-10.104,-9.9875,-9.8353,-9.6486,-9.4279,-9.1743,-8.8888,-8.5724,-8.2265,-7.8525,-7.4519,-7.0263,-6.5774,-6.107,-5.617,-5.1094,-4.5862,-4.0495,-3.5016,-2.9445,-2.3806,-1.812,-1.2412
-2.7101,-2.1392,-1.5707,-1.0068,-0.44973,0.098242,0.6349,1.1581,1.6657,2.1557,2.6261,3.075,3.5007,3.9013,4.2753,4.6211,4.9375,5.223,5.4766,5.6973,5.8841,6.0362,6.1532,6.2345,6.2797,6.2888,6.2616,6.1983,6.0992,5.9645,5.7949,5.5911,5.3539,5.0842,4.7831,4.4518,4.0917,3.7042,3.2909,2.8534,2.3935,1.913,1.414,0.89832,0.36812,-0.17447,-0.72726,-1.288,-1.8546,-2.4245,-2.9956,-3.5656,-4.1321,-4.6929,-5.2457,-5.7882,-6.3184,-6.8341,-7.3332,-7.8136,-8.2735,-8.711,-9.1243,-9.5118,-9.8719,-10.203,-10.504,-10.774,-11.011,-11.215,-11.385,-11.519,-11.618,-11.682,-11.709,-11.7,-11.655,-11.573,-11.456,-11.304,-11.117,-10.897,-10.643,-10.358,-10.041,-9.6954,-9.3214,-8.9208,-8.4951,-8.0462,-7.5758,-7.0858,-6.5782,-6.055,-5.5184,-4.9704,-4.4133,-3.8494,-3.2809,-2.7101
-5.4026,-4.8318,-4.2633,-3.6993,-3.1423,-2.5943,-2.0576,-1.5344,-1.0268,-0.53683,-0.066422,0.3825,0.80812,1.2087,1.5827,1.9286,2.2449,2.5305,2.7841,3.0047,3.1915,3.3437,3.4607,3.542,3.5872,3.5963,3.5691,3.5058,3.4066,3.272,3.1024,2.8986,2.6614,2.3916,2.0905,1.7593,1.3992,1.0117,0.59833,0.16084,-0.29905,-0.7795,-1.2786,-1.7942,-2.3244,-2.867,-3.4198,-3.9806,-4.5471,-5.117,-5.6881,-6.2581,-6.8246,-7.3854,-7.9382,-8.4808,-9.011,-9.5266,-10.026,-10.506,-10.966,-11.404,-11.817,-12.204,-12.564,-12.896,-13.197,-13.467,-13.704,-13.908,-14.077,-14.212,-14.311,-14.374,-14.401,-14.392,-14.347,-14.266,-14.149,-13.997,-13.81,-13.589,-13.336,-13.05,-12.734,-12.388,-12.014,-11.613,-11.188,-10.739,-10.268,-9.7784,-9.2707,-8.7476,-8.2109,-7.6629,-7.1059,-6.5419,-5.9734,-5.4026
-6.3602,-5.7894,-5.2209,-4.657,-4.0999,-3.5519,-3.0152,-2.4921,-1.9844,-1.4944,-1.024,-0.57512,-0.1495,0.25111,0.62511,0.97097,1.2873,1.5729,1.8265,2.0471,2.2339,2.3861,2.5031,2.5843,2.6296,2.6387,2.6115,2.5482,2.449,2.3144,2.1448,1.941,1.7037,1.434,1.1329,0.80164,0.44153,0.054036,-0.35929,-0.79678,-1.2567,-1.7371,-2.2362,-2.7518,-3.282,-3.8246,-4.3774,-4.9382,-5.5047,-6.0747,-6.6458,-7.2157,-7.7822,-8.343,-8.8958,-9.4384,-9.9686,-10.484,-10.983,-11.464,-11.924,-12.361,-12.774,-13.162,-13.522,-13.853,-14.154,-14.424,-14.661,-14.865,-15.035,-15.169,-15.269,-15.332,-15.359,-15.35,-15.305,-15.223,-15.107,-14.954,-14.768,-14.547,-14.293,-14.008,-13.691,-13.346,-12.972,-12.571,-12.145,-11.696,-11.226,-10.736,-10.228,-9.7052,-9.1685,-8.6205,-8.0635,-7.4995,-6.931,-6.3602
-9.3287,-8.7579,-8.1894,-7.6254,-7.0684,-6.5204,-5.9837,-5.4605,-4.9529,-4.4629,-3.9925,-3.5436,-3.118,-2.7174,-2.3434,-1.9975,-1.6812,-1.3956,-1.142,-0.92137,-0.73458,-0.5824,-0.46543,-0.38416,-0.3389,-0.32983,-0.35701,-0.42031,-0.51948,-0.65412,-0.82369,-1.0275,-1.2648,-1.5345,-1.8356,-2.1668,-2.527,-2.9145,-3.3278,-3.7653,-4.2252,-4.7056,-5.2047,-5.7203,-6.2505,-6.7931,-7.3459,-7.9067,-8.4732,-9.0432,-9.6143,-10.184,-10.751,-11.311,-11.864,-12.407,-12.937,-13.453,-13.952,-14.432,-14.892,-15.33,-15.743,-16.13,-16.491,-16.822,-17.123,-17.393,-17.63,-17.834,-18.003,-18.138,-18.237,-18.3,-18.328,-18.319,-18.273,-18.192,-18.075,-17.923,-17.736,-17.515,-17.262,-16.976,-16.66,-16.314,-15.94,-15.539,-15.114,-14.665,-14.194,-13.704,-13.197,-12.674,-12.137,-11.589,-11.032,-10.468,-9.8995,-9.3287
-10.411,-9.967,-9.5248,-9.0862,-8.653,-8.2268,-7.8094,-7.4024,-7.0076,-6.6265,-6.2606,-5.9115,-5.5804,-5.2688,-4.978,-4.709,-4.4629,-4.2408,-4.0436,-3.872,-3.7267,-3.6083,-3.5173,-3.4541,-3.4189,-3.4119,-3.433,-3.4822,-3.5594,-3.6641,-3.796,-3.9545,-4.139,-4.3488,-4.583,-4.8407,-5.1207,-5.4221,-5.7436,-6.0839,-6.4416,-6.8152,-7.2034,-7.6045,-8.0168,-8.4389,-8.8688,-9.305,-9.7456,-10.189,-10.633,-11.076,-11.517,-11.953,-12.383,-12.805,-13.218,-13.619,-14.007,-14.38,-14.738,-15.078,-15.4,-15.701,-15.981,-16.239,-16.473,-16.683,-16.867,-17.026,-17.158,-17.263,-17.34,-17.389,-17.41,-17.403,-17.368,-17.305,-17.214,-17.095,-16.95,-16.778,-16.581,-16.359,-16.113,-15.844,-15.553,-15.242,-14.911,-14.561,-14.195,-13.814,-13.42,-13.013,-12.595,-12.169,-11.736,-11.297,-10.855,-10.411
-14.796,-14.352,-13.91,-13.471,-13.038,-12.612,-12.194,-11.787,-11.393,-11.012,-10.646,-10.297,-9.9655,-9.6539,-9.363,-9.094,-8.848,-8.6259,-8.4286,-8.257,-8.1117,-7.9934,-7.9024,-7.8392,-7.804,-7.7969,-7.8181,-7.8673,-7.9444,-8.0491,-8.181,-8.3396,-8.5241,-8.7339,-8.968,-9.2257,-9.5058,-9.8072,-10.129,-10.469,-10.827,-11.2,-11.588,-11.99,-12.402,-12.824,-13.254,-13.69,-14.131,-14.574,-15.018,-15.461,-15.902,-16.338,-16.768,-17.19,-17.603,-18.004,-18.392,-18.765,-19.123,-19.463,-19.785,-20.086,-20.366,-20.624,-20.858,-21.068,-21.253,-21.411,-21.543,-21.648,-21.725,-21.774,-21.795,-21.788,-21.753,-21.69,-21.599,-21.48,-21.335,-21.163,-20.966,-20.744,-20.498,-20.229,-19.938,-19.627,-19.296,-18.946,-18.581,-18.199,-17.805,-17.398,-16.98,-16.554,-16.121,-15.682,-15.24,-14.796
-17.379,-16.935,-16.493,-16.054,-15.621,-15.195,-14.778,-14.371,-13.976,-13.595,-13.229,-12.88,-12.549,-12.237,-11.946,-11.677,-11.431,-11.209,-11.012,-10.84,-10.695,-10.577,-10.486,-10.422,-10.387,-10.38,-10.401,-10.45,-10.528,-10.632,-10.764,-10.923,-11.107,-11.317,-11.551,-11.809,-12.089,-12.39,-12.712,-13.052,-13.41,-13.783,-14.172,-14.573,-14.985,-15.407,-15.837,-16.273,-16.714,-17.157,-17.601,-18.045,-18.485,-18.921,-19.351,-19.773,-20.186,-20.587,-20.975,-21.349,-21.706,-22.047,-22.368,-22.669,-22.95,-23.207,-23.441,-23.651,-23.836,-23.994,-24.126,-24.231,-24.308,-24.357,-24.378,-24.371,-24.336,-24.273,-24.182,-24.064,-23.918,-23.747,-23.549,-23.327,-23.081,-22.812,-22.521,-22.21,-21.879,-21.53,-21.164,-20.783,-20.388,-19.981,-19.563,-19.137,-18.704,-18.265,-17.823,-17.379
-19.248,-18.804,-18.361,-17.923,-17.49,-17.063,-16.646,-16.239,-15.844,-15.463,-15.097,-14.748,-14.417,-14.105,-13.815,-13.546,-13.299,-13.077,-12.88,-12.709,-12.563,-12.445,-12.354,-12.291,-12.256,-12.248,-12.27,-12.319,-12.396,-12.501,-12.633,-12.791,-12.976,-13.185,-13.42,-13.677,-13.957,-14.259,-14.58,-14.92,-15.278,-15.652,-16.04,-16.441,-16.853,-17.275,-17.705,-18.142,-18.582,-19.025,-19.47,-19.913,-20.354,-20.79,-21.22,-21.642,-22.054,-22.455,-22.843,-23.217,-23.575,-23.915,-24.236,-24.538,-24.818,-25.076,-25.31,-25.52,-25.704,-25.863,-25.994,-26.099,-26.176,-26.226,-26.247,-26.24,-26.204,-26.141,-26.05,-25.932,-25.787,-25.615,-25.418,-25.196,-24.95,-24.681,-24.39,-24.078,-23.747,-23.398,-23.032,-22.651,-22.256,-21.849,-21.432,-21.006,-20.572,-20.134,-19.692,-19.248
-20.773,-20.329,-19.886,-19.448,-19.015,-18.588,-18.171,-17.764,-17.369,-16.988,-16.622,-16.273,-15.942,-15.63,-15.34,-15.071,-14.825,-14.602,-14.405,-14.234,-14.088,-13.97,-13.879,-13.816,-13.781,-13.773,-13.795,-13.844,-13.921,-14.026,-14.158,-14.316,-14.501,-14.71,-14.945,-15.202,-15.482,-15.784,-16.105,-16.445,-16.803,-17.177,-17.565,-17.966,-18.378,-18.8,-19.23,-19.667,-20.107,-20.551,-20.995,-21.438,-21.879,-22.315,-22.745,-23.167,-23.579,-23.98,-24.368,-24.742,-25.1,-25.44,-25.761,-26.063,-26.343,-26.601,-26.835,-27.045,-27.229,-27.388,-27.52,-27.624,-27.701,-27.751,-27.772,-27.765,-27.729,-27.666,-27.575,-27.457,-27.312,-27.14,-26.943,-26.721,-26.475,-26.206,-25.915,-25.603,-25.272,-24.923,-24.557,-24.176,-23.781,-23.374,-22.957,-22.531,-22.097,-21.659,-21.217,-20.773
-21.861,-21.417,-20.975,-20.536,-20.103,-19.677,-19.26,-18.853,-18.458,-18.077,-17.711,-17.362,-17.031,-16.719,-16.428,-16.159,-15.913,-15.691,-15.494,-15.322,-15.177,-15.058,-14.967,-14.904,-14.869,-14.862,-14.883,-14.932,-15.01,-15.114,-15.246,-15.405,-15.589,-15.799,-16.033,-16.291,-16.571,-16.872,-17.194,-17.534,-17.892,-18.265,-18.654,-19.055,-19.467,-19.889,-20.319,-20.755,-21.196,-21.639,-22.083,-22.527,-22.967,-23.403,-23.833,-24.255,-24.668,-25.069,-25.457,-25.831,-26.188,-26.529,-26.85,-27.151,-27.431,-27.689,-27.923,-28.133,-28.318,-28.476,-28.608,-28.713,-28.79,-28.839,-28.86,-28.853,-28.818,-28.755,-28.664,-28.545,-28.4,-28.229,-28.031,-27.809,-27.563,-27.294,-27.003,-26.692,-26.361,-26.012,-25.646,-25.265,-24.87,-24.463,-24.045,-23.619,-23.186,-22.747,-22.305,-21.861
-22.908,-22.464,-22.022,-21.583,-21.15,-20.724,-20.306,-19.899,-19.505,-19.124,-18.758,-18.408,-18.077,-17.766,-17.475,-17.206,-16.96,-16.738,-16.541,-16.369,-16.224,-16.105,-16.014,-15.951,-15.916,-15.909,-15.93,-15.979,-16.056,-16.161,-16.293,-16.452,-16.636,-16.846,-17.08,-17.338,-17.618,-17.919,-18.241,-18.581,-18.939,-19.312,-19.7,-20.101,-20.514,-20.936,-21.366,-21.802,-22.243,-22.686,-23.13,-23.573,-24.014,-24.45,-24.88,-25.302,-25.715,-26.116,-26.504,-26.877,-27.235,-27.575,-27.897,-28.198,-28.478,-28.736,-28.97,-29.18,-29.364,-29.523,-29.655,-29.76,-29.837,-29.886,-29.907,-29.9,-29.865,-29.802,-29.711,-29.592,-29.447,-29.275,-29.078,-28.856,-28.61,-28.341,-28.05,-27.739,-27.408,-27.058,-26.692,-26.311,-25.917,-25.51,-25.092,-24.666,-24.233,-23.794,-23.352,-22.908
-22.898,-22.454,-22.012,-21.573,-21.14,-20.714,-20.296,-19.889,-19.494,-19.113,-18.748,-18.398,-18.067,-17.756,-17.465,-17.196,-16.95,-16.728,-16.53,-16.359,-16.214,-16.095,-16.004,-15.941,-15.906,-15.899,-15.92,-15.969,-16.046,-16.151,-16.283,-16.441,-16.626,-16.836,-17.07,-17.328,-17.608,-17.909,-18.23,-18.571,-18.928,-19.302,-19.69,-20.091,-20.504,-20.926,-21.356,-21.792,-22.232,-22.676,-23.12,-23.563,-24.004,-24.44,-24.87,-25.292,-25.704,-26.105,-26.494,-26.867,-27.225,-27.565,-27.887,-28.188,-28.468,-28.726,-28.96,-29.17,-29.354,-29.513,-29.645,-29.749,-29.827,-29.876,-29.897,-29.89,-29.855,-29.792,-29.701,-29.582,-29.437,-29.265,-29.068,-28.846,-28.6,-28.331,-28.04,-27.728,-27.397,-27.048,-26.682,-26.301,-25.906,-25.5,-25.082,-24.656,-24.223,-23.784,-23.342,-22.898
-22.984,-22.54,-22.098,-21.659,-21.226,-20.8,-20.382,-19.975,-19.581,-19.199,-18.834,-18.484,-18.153,-17.842,-17.551,-17.282,-17.036,-16.814,-16.616,-16.445,-16.3,-16.181,-16.09,-16.027,-15.992,-15.985,-16.006,-16.055,-16.132,-16.237,-16.369,-16.527,-16.712,-16.922,-17.156,-17.414,-17.694,-17.995,-18.317,-18.657,-19.014,-19.388,-19.776,-20.177,-20.59,-21.012,-21.442,-21.878,-22.319,-22.762,-23.206,-23.649,-24.09,-24.526,-24.956,-25.378,-25.79,-26.191,-26.58,-26.953,-27.311,-27.651,-27.973,-28.274,-28.554,-28.812,-29.046,-29.256,-29.44,-29.599,-29.731,-29.836,-29.913,-29.962,-29.983,-29.976,-29.941,-29.878,-29.787,-29.668,-29.523,-29.351,-29.154,-28.932,-28.686,-28.417,-28.126,-27.814,-27.483,-27.134,-26.768,-26.387,-25.992,-25.586,-25.168,-24.742,-24.309,-23.87,-23.428,-22.984
-23.753,-23.436,-23.12,-22.807,-22.497,-22.193,-21.895,-21.604,-21.322,-21.05,-20.789,-20.539,-20.303,-20.08,-19.873,-19.68,-19.505,-19.346,-19.205,-19.082,-18.979,-18.894,-18.829,-18.784,-18.759,-18.754,-18.769,-18.804,-18.859,-18.934,-19.028,-19.141,-19.273,-19.423,-19.59,-19.774,-19.974,-20.19,-20.419,-20.662,-20.918,-21.185,-21.462,-21.749,-22.043,-22.345,-22.652,-22.963,-23.278,-23.595,-23.912,-24.229,-24.543,-24.855,-25.162,-25.463,-25.758,-26.044,-26.322,-26.589,-26.844,-27.087,-27.317,-27.532,-27.732,-27.916,-28.083,-28.233,-28.365,-28.478,-28.572,-28.647,-28.702,-28.738,-28.753,-28.748,-28.722,-28.677,-28.612,-28.528,-28.424,-28.301,-28.16,-28.002,-27.826,-27.634,-27.426,-27.204,-26.967,-26.718,-26.456,-26.184,-25.902,-25.612,-25.313,-25.009,-24.699,-24.386,-24.07,-23.753
-24.744,-24.427,-24.111,-23.798,-23.488,-23.184,-22.886,-22.595,-22.313,-22.041,-21.779,-21.53,-21.293,-21.071,-20.863,-20.671,-20.495,-20.337,-20.196,-20.073,-19.969,-19.885,-19.82,-19.775,-19.75,-19.745,-19.76,-19.795,-19.85,-19.925,-20.019,-20.132,-20.264,-20.414,-20.581,-20.765,-20.965,-21.18,-21.41,-21.653,-21.909,-22.175,-22.453,-22.739,-23.034,-23.335,-23.642,-23.954,-24.269,-24.585,-24.903,-25.219,-25.534,-25.845,-26.153,-26.454,-26.749,-27.035,-27.312,-27.579,-27.835,-28.078,-28.307,-28.523,-28.723,-28.907,-29.074,-29.224,-29.356,-29.469,-29.563,-29.638,-29.693,-29.728,-29.743,-29.738,-29.713,-29.668,-29.603,-29.518,-29.415,-29.292,-29.151,-28.993,-28.817,-28.625,-28.417,-28.194,-27.958,-27.708,-27.447,-27.175,-26.893,-26.602,-26.304,-26,-25.69,-25.377,-25.061,-24.744
-25.145,-24.828,-24.512,-24.199,-23.889,-23.585,-23.287,-22.996,-22.714,-22.442,-22.18,-21.931,-21.694,-21.472,-21.264,-21.072,-20.896,-20.738,-20.597,-20.474,-20.37,-20.286,-20.221,-20.176,-20.151,-20.146,-20.161,-20.196,-20.251,-20.326,-20.42,-20.533,-20.665,-20.815,-20.982,-21.166,-21.366,-21.581,-21.811,-22.054,-22.31,-22.577,-22.854,-23.14,-23.435,-23.736,-24.043,-24.355,-24.67,-24.986,-25.304,-25.62,-25.935,-26.246,-26.554,-26.855,-27.15,-27.436,-27.713,-27.98,-28.236,-28.479,-28.708,-28.924,-29.124,-29.308,-29.475,-29.625,-29.757,-29.87,-29.964,-30.039,-30.094,-30.129,-30.144,-30.139,-30.114,-30.069,-30.004,-29.919,-29.816,-29.693,-29.552,-29.394,-29.218,-29.026,-28.818,-28.595,-28.359,-28.109,-27.848,-27.576,-27.294,-27.003,-26.705,-26.401,-26.091,-25.778,-25.462,-25.145
-24.813,-24.495,-24.18,-23.866,-23.557,-23.252,-22.954,-22.664,-22.382,-22.109,-21.848,-21.599,-21.362,-21.14,-20.932,-20.74,-20.564,-20.405,-20.264,-20.142,-20.038,-19.954,-19.889,-19.843,-19.818,-19.813,-19.828,-19.863,-19.919,-19.993,-20.088,-20.201,-20.333,-20.482,-20.65,-20.834,-21.034,-21.249,-21.479,-21.722,-21.977,-22.244,-22.521,-22.808,-23.102,-23.404,-23.711,-24.023,-24.337,-24.654,-24.971,-25.288,-25.603,-25.914,-26.221,-26.523,-26.817,-27.104,-27.381,-27.648,-27.903,-28.146,-28.376,-28.591,-28.791,-28.975,-29.143,-29.293,-29.424,-29.538,-29.632,-29.707,-29.762,-29.797,-29.812,-29.807,-29.782,-29.737,-29.672,-29.587,-29.483,-29.361,-29.22,-29.061,-28.885,-28.693,-28.486,-28.263,-28.027,-27.777,-27.516,-27.244,-26.962,-26.671,-26.373,-26.068,-25.759,-25.446,-25.13,-24.813
-24.438,-24.121,-23.806,-23.492,-23.183,-22.878,-22.58,-22.29,-22.007,-21.735,-21.474,-21.225,-20.988,-20.766,-20.558,-20.366,-20.19,-20.031,-19.89,-19.768,-19.664,-19.579,-19.514,-19.469,-19.444,-19.439,-19.454,-19.489,-19.544,-19.619,-19.713,-19.827,-19.959,-20.108,-20.276,-20.46,-20.66,-20.875,-21.105,-21.348,-21.603,-21.87,-22.147,-22.434,-22.728,-23.03,-23.337,-23.648,-23.963,-24.28,-24.597,-24.914,-25.228,-25.54,-25.847,-26.149,-26.443,-26.73,-27.007,-27.274,-27.529,-27.772,-28.002,-28.217,-28.417,-28.601,-28.769,-28.918,-29.05,-29.163,-29.258,-29.332,-29.388,-29.423,-29.438,-29.433,-29.408,-29.363,-29.298,-29.213,-29.109,-28.987,-28.846,-28.687,-28.511,-28.319,-28.111,-27.889,-27.652,-27.403,-27.142,-26.869,-26.587,-26.297,-25.999,-25.694,-25.385,-25.071,-24.756,-24.438
-25.434,-25.117,-24.801,-24.487,-24.178,-23.874,-23.575,-23.285,-23.003,-22.731,-22.469,-22.22,-21.983,-21.761,-21.553,-21.361,-21.185,-21.026,-20.886,-20.763,-20.659,-20.575,-20.51,-20.465,-20.439,-20.434,-20.449,-20.485,-20.54,-20.615,-20.709,-20.822,-20.954,-21.104,-21.271,-21.455,-21.655,-21.87,-22.1,-22.343,-22.598,-22.865,-23.143,-23.429,-23.724,-24.025,-24.332,-24.644,-24.958,-25.275,-25.592,-25.909,-26.224,-26.535,-26.842,-27.144,-27.438,-27.725,-28.002,-28.269,-28.525,-28.768,-28.997,-29.212,-29.413,-29.597,-29.764,-29.914,-30.045,-30.159,-30.253,-30.328,-30.383,-30.418,-30.433,-30.428,-30.403,-30.358,-30.293,-30.208,-30.104,-29.982,-29.841,-29.682,-29.507,-29.314,-29.107,-28.884,-28.648,-28.398,-28.137,-27.865,-27.583,-27.292,-26.994,-26.689,-26.38,-26.067,-25.751,-25.434
-24.282,-23.965,-23.649,-23.335,-23.026,-22.721,-22.423,-22.133,-21.851,-21.578,-21.317,-21.068,-20.831,-20.609,-20.401,-20.209,-20.033,-19.874,-19.733,-19.611,-19.507,-19.423,-19.358,-19.312,-19.287,-19.282,-19.297,-19.333,-19.388,-19.462,-19.557,-19.67,-19.802,-19.952,-20.119,-20.303,-20.503,-20.718,-20.948,-21.191,-21.446,-21.713,-21.991,-22.277,-22.572,-22.873,-23.18,-23.492,-23.806,-24.123,-24.44,-24.757,-25.072,-25.383,-25.69,-25.992,-26.286,-26.573,-26.85,-27.117,-27.372,-27.615,-27.845,-28.06,-28.26,-28.444,-28.612,-28.762,-28.893,-29.007,-29.101,-29.176,-29.231,-29.266,-29.281,-29.276,-29.251,-29.206,-29.141,-29.056,-28.952,-28.83,-28.689,-28.53,-28.355,-28.162,-27.955,-27.732,-27.496,-27.246,-26.985,-26.713,-26.431,-26.14,-25.842,-25.537,-25.228,-24.915,-24.599,-24.282
-26.396,-26.079,-25.763,-25.449,-25.14,-24.836,-24.537,-24.247,-23.965,-23.693,-23.431,-23.182,-22.945,-22.723,-22.515,-22.323,-22.147,-21.988,-21.848,-21.725,-21.621,-21.537,-21.472,-21.427,-21.401,-21.396,-21.411,-21.447,-21.502,-21.577,-21.671,-21.784,-21.916,-22.066,-22.233,-22.417,-22.617,-22.832,-23.062,-23.305,-23.56,-23.827,-24.105,-24.391,-24.686,-24.987,-25.294,-25.606,-25.92,-26.237,-26.554,-26.871,-27.186,-27.497,-27.804,-28.106,-28.4,-28.687,-28.964,-29.231,-29.487,-29.73,-29.959,-30.174,-30.375,-30.559,-30.726,-30.876,-31.008,-31.121,-31.215,-31.29,-31.345,-31.38,-31.395,-31.39,-31.365,-31.32,-31.255,-31.17,-31.066,-30.944,-30.803,-30.644,-30.469,-30.276,-30.069,-29.846,-29.61,-29.36,-29.099,-28.827,-28.545,-28.254,-27.956,-27.651,-27.342,-27.029,-26.713,-26.396
-26.748,-26.431,-26.115,-25.802,-25.493,-25.188,-24.89,-24.599,-24.317,-24.045,-23.784,-23.534,-23.298,-23.075,-22.868,-22.676,-22.5,-22.341,-22.2,-22.078,-21.974,-21.889,-21.824,-21.779,-21.754,-21.749,-21.764,-21.799,-21.854,-21.929,-22.023,-22.137,-22.268,-22.418,-22.586,-22.77,-22.97,-23.185,-23.415,-23.658,-23.913,-24.18,-24.457,-24.744,-25.038,-25.34,-25.647,-25.958,-26.273,-26.59,-26.907,-27.224,-27.538,-27.85,-28.157,-28.459,-28.753,-29.04,-29.317,-29.584,-29.839,-30.082,-30.312,-30.527,-30.727,-30.911,-31.079,-31.228,-31.36,-31.473,-31.568,-31.642,-31.698,-31.733,-31.748,-31.743,-31.718,-31.672,-31.607,-31.523,-31.419,-31.297,-31.156,-30.997,-30.821,-30.629,-30.421,-30.199,-29.962,-29.713,-29.452,-29.179,-28.897,-28.607,-28.309,-28.004,-27.695,-27.381,-27.066,-26.748
-27.021,-26.704,-26.388,-26.075,-25.765,-25.461,-25.163,-24.872,-24.59,-24.318,-24.056,-23.807,-23.571,-23.348,-23.14,-22.948,-22.772,-22.614,-22.473,-22.35,-22.246,-22.162,-22.097,-22.052,-22.027,-22.022,-22.037,-22.072,-22.127,-22.202,-22.296,-22.409,-22.541,-22.691,-22.858,-23.042,-23.242,-23.458,-23.687,-23.93,-24.186,-24.453,-24.73,-25.016,-25.311,-25.612,-25.919,-26.231,-26.546,-26.862,-27.18,-27.496,-27.811,-28.123,-28.43,-28.731,-29.026,-29.312,-29.589,-29.856,-30.112,-30.355,-30.584,-30.8,-31,-31.184,-31.351,-31.501,-31.633,-31.746,-31.84,-31.915,-31.97,-32.005,-32.02,-32.015,-31.99,-31.945,-31.88,-31.796,-31.692,-31.569,-31.428,-31.27,-31.094,-30.902,-30.694,-30.471,-30.235,-29.986,-29.724,-29.452,-29.17,-28.879,-28.581,-28.277,-27.967,-27.654,-27.338,-27.021
-27.282,-27.092,-26.902,-26.714,-26.529,-26.346,-26.167,-25.993,-25.824,-25.66,-25.503,-25.354,-25.212,-25.078,-24.954,-24.838,-24.733,-24.638,-24.553,-24.48,-24.417,-24.367,-24.328,-24.301,-24.286,-24.283,-24.292,-24.313,-24.346,-24.391,-24.447,-24.515,-24.594,-24.684,-24.784,-24.895,-25.015,-25.144,-25.282,-25.428,-25.581,-25.741,-25.907,-26.079,-26.256,-26.437,-26.621,-26.808,-26.997,-27.187,-27.377,-27.567,-27.756,-27.943,-28.127,-28.308,-28.485,-28.657,-28.823,-28.983,-29.137,-29.282,-29.42,-29.549,-29.669,-29.78,-29.88,-29.97,-30.049,-30.117,-30.174,-30.219,-30.252,-30.273,-30.282,-30.279,-30.264,-30.237,-30.198,-30.147,-30.085,-30.011,-29.927,-29.831,-29.726,-29.611,-29.486,-29.352,-29.211,-29.061,-28.904,-28.741,-28.572,-28.397,-28.218,-28.036,-27.85,-27.662,-27.472,-27.282
-26.821,-26.631,-26.441,-26.253,-26.068,-25.885,-25.706,-25.532,-25.362,-25.199,-25.042,-24.893,-24.751,-24.617,-24.493,-24.377,-24.272,-24.177,-24.092,-24.019,-23.956,-23.906,-23.867,-23.84,-23.824,-23.821,-23.83,-23.852,-23.885,-23.93,-23.986,-24.054,-24.133,-24.223,-24.323,-24.434,-24.554,-24.683,-24.821,-24.967,-25.12,-25.28,-25.446,-25.618,-25.795,-25.976,-26.16,-26.347,-26.536,-26.726,-26.916,-27.106,-27.295,-27.482,-27.666,-27.847,-28.024,-28.196,-28.362,-28.522,-28.676,-28.821,-28.959,-29.088,-29.208,-29.319,-29.419,-29.509,-29.588,-29.656,-29.713,-29.757,-29.791,-29.812,-29.821,-29.818,-29.803,-29.775,-29.736,-29.686,-29.623,-29.55,-29.465,-29.37,-29.265,-29.149,-29.025,-28.891,-28.749,-28.6,-28.443,-28.28,-28.11,-27.936,-27.757,-27.574,-27.389,-27.201,-27.011,-26.821
-26.06,-25.87,-25.68,-25.492,-25.307,-25.124,-24.945,-24.771,-24.602,-24.438,-24.282,-24.132,-23.99,-23.856,-23.732,-23.617,-23.511,-23.416,-23.331,-23.258,-23.196,-23.145,-23.106,-23.079,-23.064,-23.061,-23.07,-23.091,-23.124,-23.169,-23.225,-23.293,-23.372,-23.462,-23.563,-23.673,-23.793,-23.922,-24.06,-24.206,-24.359,-24.519,-24.686,-24.857,-25.034,-25.215,-25.399,-25.586,-25.775,-25.965,-26.155,-26.345,-26.534,-26.721,-26.905,-27.086,-27.263,-27.435,-27.601,-27.761,-27.915,-28.061,-28.198,-28.327,-28.448,-28.558,-28.658,-28.748,-28.827,-28.895,-28.952,-28.997,-29.03,-29.051,-29.06,-29.057,-29.042,-29.015,-28.976,-28.925,-28.863,-28.789,-28.705,-28.609,-28.504,-28.389,-28.264,-28.13,-27.989,-27.839,-27.682,-27.519,-27.35,-27.175,-26.996,-26.814,-26.628,-26.44,-26.251,-26.06
-25.499,-25.309,-25.119,-24.931,-24.746,-24.563,-24.384,-24.21,-24.04,-23.877,-23.72,-23.571,-23.429,-23.295,-23.171,-23.055,-22.95,-22.855,-22.77,-22.697,-22.634,-22.584,-22.545,-22.517,-22.502,-22.499,-22.508,-22.529,-22.563,-22.607,-22.664,-22.732,-22.811,-22.901,-23.001,-23.112,-23.232,-23.361,-23.499,-23.644,-23.798,-23.958,-24.124,-24.296,-24.473,-24.654,-24.838,-25.025,-25.214,-25.404,-25.594,-25.784,-25.973,-26.16,-26.344,-26.525,-26.702,-26.874,-27.04,-27.2,-27.353,-27.499,-27.637,-27.766,-27.886,-27.997,-28.097,-28.187,-28.266,-28.334,-28.39,-28.435,-28.468,-28.49,-28.499,-28.496,-28.48,-28.453,-28.414,-28.364,-28.301,-28.228,-28.143,-28.048,-27.943,-27.827,-27.703,-27.569,-27.427,-27.278,-27.121,-26.958,-26.788,-26.614,-26.435,-26.252,-26.067,-25.879,-25.689,-25.499
-24.759,-24.569,-24.379,-24.191,-24.005,-23.823,-23.644,-23.469,-23.3,-23.137,-22.98,-22.83,-22.689,-22.555,-22.43,-22.315,-22.21,-22.114,-22.03,-21.956,-21.894,-21.843,-21.804,-21.777,-21.762,-21.759,-21.768,-21.789,-21.822,-21.867,-21.924,-21.992,-22.071,-22.161,-22.261,-22.372,-22.492,-22.621,-22.758,-22.904,-23.058,-23.218,-23.384,-23.556,-23.733,-23.914,-24.098,-24.285,-24.474,-24.664,-24.854,-25.044,-25.233,-25.42,-25.604,-25.785,-25.962,-26.133,-26.3,-26.46,-26.613,-26.759,-26.897,-27.026,-27.146,-27.257,-27.357,-27.447,-27.526,-27.594,-27.65,-27.695,-27.728,-27.749,-27.758,-27.755,-27.74,-27.713,-27.674,-27.624,-27.561,-27.488,-27.403,-27.308,-27.203,-27.087,-26.963,-26.829,-26.687,-26.538,-26.381,-26.217,-26.048,-25.874,-25.695,-25.512,-25.327,-25.139,-24.949,-24.759
-24.553,-24.362,-24.173,-23.985,-23.799,-23.617,-23.438,-23.263,-23.094,-22.931,-22.774,-22.624,-22.482,-22.349,-22.224,-22.109,-22.003,-21.908,-21.824,-21.75,-21.688,-21.637,-21.598,-21.571,-21.556,-21.553,-21.562,-21.583,-21.616,-21.661,-21.718,-21.786,-21.865,-21.955,-22.055,-22.165,-22.285,-22.415,-22.552,-22.698,-22.851,-23.012,-23.178,-23.35,-23.527,-23.707,-23.892,-24.079,-24.267,-24.457,-24.648,-24.838,-25.027,-25.214,-25.398,-25.579,-25.755,-25.927,-26.094,-26.254,-26.407,-26.553,-26.691,-26.82,-26.94,-27.05,-27.151,-27.241,-27.32,-27.388,-27.444,-27.489,-27.522,-27.543,-27.552,-27.549,-27.534,-27.507,-27.468,-27.417,-27.355,-27.281,-27.197,-27.102,-26.996,-26.881,-26.756,-26.623,-26.481,-26.331,-26.175,-26.011,-25.842,-25.668,-25.489,-25.306,-25.12,-24.932,-24.743,-24.553
-22.837,-22.646,-22.457,-22.269,-22.083,-21.901,-21.722,-21.547,-21.378,-21.215,-21.058,-20.908,-20.766,-20.633,-20.508,-20.393,-20.287,-20.192,-20.108,-20.034,-19.972,-19.921,-19.882,-19.855,-19.84,-19.837,-19.846,-19.867,-19.9,-19.945,-20.002,-20.07,-20.149,-20.239,-20.339,-20.449,-20.569,-20.699,-20.836,-20.982,-21.135,-21.296,-21.462,-21.634,-21.811,-21.991,-22.176,-22.363,-22.552,-22.741,-22.932,-23.122,-23.311,-23.498,-23.682,-23.863,-24.039,-24.211,-24.378,-24.538,-24.691,-24.837,-24.975,-25.104,-25.224,-25.334,-25.435,-25.525,-25.604,-25.672,-25.728,-25.773,-25.806,-25.827,-25.836,-25.833,-25.818,-25.791,-25.752,-25.701,-25.639,-25.566,-25.481,-25.386,-25.28,-25.165,-25.04,-24.907,-24.765,-24.615,-24.459,-24.295,-24.126,-23.952,-23.773,-23.59,-23.404,-23.216,-23.027,-22.837
-21.504,-21.314,-21.124,-20.936,-20.751,-20.568,-20.389,-20.215,-20.046,-19.882,-19.726,-19.576,-19.434,-19.3,-19.176,-19.061,-18.955,-18.86,-18.775,-18.702,-18.64,-18.589,-18.55,-18.523,-18.508,-18.505,-18.514,-18.535,-18.568,-18.613,-18.669,-18.737,-18.816,-18.906,-19.007,-19.117,-19.237,-19.366,-19.504,-19.65,-19.803,-19.963,-20.13,-20.301,-20.478,-20.659,-20.843,-21.03,-21.219,-21.409,-21.599,-21.789,-21.978,-22.165,-22.349,-22.53,-22.707,-22.879,-23.045,-23.205,-23.359,-23.505,-23.642,-23.771,-23.892,-24.002,-24.102,-24.192,-24.271,-24.339,-24.396,-24.441,-24.474,-24.495,-24.504,-24.501,-24.486,-24.459,-24.42,-24.369,-24.307,-24.233,-24.149,-24.053,-23.948,-23.833,-23.708,-23.574,-23.433,-23.283,-23.126,-22.963,-22.794,-22.619,-22.44,-22.258,-22.072,-21.884,-21.695,-21.504
-20.46,-20.269,-20.08,-19.892,-19.706,-19.524,-19.345,-19.17,-19.001,-18.838,-18.681,-18.531,-18.39,-18.256,-18.131,-18.016,-17.911,-17.815,-17.731,-17.657,-17.595,-17.544,-17.505,-17.478,-17.463,-17.46,-17.469,-17.49,-17.523,-17.568,-17.625,-17.693,-17.772,-17.862,-17.962,-18.072,-18.193,-18.322,-18.459,-18.605,-18.759,-18.919,-19.085,-19.257,-19.434,-19.615,-19.799,-19.986,-20.175,-20.365,-20.555,-20.745,-20.934,-21.121,-21.305,-21.486,-21.663,-21.834,-22.001,-22.161,-22.314,-22.46,-22.598,-22.727,-22.847,-22.957,-23.058,-23.148,-23.227,-23.295,-23.351,-23.396,-23.429,-23.45,-23.459,-23.456,-23.441,-23.414,-23.375,-23.324,-23.262,-23.189,-23.104,-23.009,-22.903,-22.788,-22.664,-22.53,-22.388,-22.238,-22.082,-21.918,-21.749,-21.575,-21.396,-21.213,-21.028,-20.84,-20.65,-20.46
-19.902,-19.712,-19.522,-19.334,-19.149,-18.966,-18.787,-18.613,-18.444,-18.28,-18.123,-17.974,-17.832,-17.698,-17.574,-17.458,-17.353,-17.258,-17.173,-17.1,-17.037,-16.987,-16.948,-16.921,-16.905,-16.902,-16.912,-16.933,-16.966,-17.011,-17.067,-17.135,-17.214,-17.304,-17.404,-17.515,-17.635,-17.764,-17.902,-18.048,-18.201,-18.361,-18.527,-18.699,-18.876,-19.057,-19.241,-19.428,-19.617,-19.807,-19.997,-20.187,-20.376,-20.563,-20.747,-20.928,-21.105,-21.277,-21.443,-21.603,-21.757,-21.902,-22.04,-22.169,-22.289,-22.4,-22.5,-22.59,-22.669,-22.737,-22.794,-22.838,-22.872,-22.893,-22.902,-22.899,-22.884,-22.857,-22.818,-22.767,-22.705,-22.631,-22.546,-22.451,-22.346,-22.231,-22.106,-21.972,-21.83,-21.681,-21.524,-21.361,-21.191,-21.017,-20.838,-20.656,-20.47,-20.282,-20.092,-19.902
-19.752,-19.562,-19.372,-19.184,-18.998,-18.816,-18.637,-18.463,-18.293,-18.13,-17.973,-17.824,-17.682,-17.548,-17.423,-17.308,-17.203,-17.108,-17.023,-16.949,-16.887,-16.836,-16.797,-16.77,-16.755,-16.752,-16.761,-16.782,-16.815,-16.86,-16.917,-16.985,-17.064,-17.154,-17.254,-17.365,-17.485,-17.614,-17.752,-17.897,-18.051,-18.211,-18.377,-18.549,-18.726,-18.907,-19.091,-19.278,-19.467,-19.657,-19.847,-20.037,-20.226,-20.413,-20.597,-20.778,-20.955,-21.127,-21.293,-21.453,-21.606,-21.752,-21.89,-22.019,-22.139,-22.25,-22.35,-22.44,-22.519,-22.587,-22.643,-22.688,-22.721,-22.742,-22.752,-22.748,-22.733,-22.706,-22.667,-22.617,-22.554,-22.481,-22.396,-22.301,-22.196,-22.08,-21.956,-21.822,-21.68,-21.531,-21.374,-21.21,-21.041,-20.867,-20.688,-20.505,-20.32,-20.132,-19.942,-19.752
-19.299,-19.109,-18.92,-18.732,-18.546,-18.363,-18.184,-18.01,-17.841,-17.677,-17.521,-17.371,-17.229,-17.096,-16.971,-16.856,-16.75,-16.655,-16.57,-16.497,-16.435,-16.384,-16.345,-16.318,-16.303,-16.3,-16.309,-16.33,-16.363,-16.408,-16.464,-16.532,-16.611,-16.701,-16.802,-16.912,-17.032,-17.161,-17.299,-17.445,-17.598,-17.758,-17.925,-18.097,-18.273,-18.454,-18.638,-18.825,-19.014,-19.204,-19.395,-19.584,-19.773,-19.96,-20.145,-20.325,-20.502,-20.674,-20.84,-21,-21.154,-21.3,-21.437,-21.567,-21.687,-21.797,-21.897,-21.987,-22.066,-22.134,-22.191,-22.236,-22.269,-22.29,-22.299,-22.296,-22.281,-22.254,-22.215,-22.164,-22.102,-22.028,-21.944,-21.848,-21.743,-21.628,-21.503,-21.37,-21.228,-21.078,-20.921,-20.758,-20.589,-20.414,-20.235,-20.053,-19.867,-19.679,-19.49,-19.299
