-26.58,-26.58,-26.58,-26.58,-26.58,-26.58,-26.58,-26.58,-26.58,-26.58,-26.58,-26.58,-26.58,-26.58,-26.58,-26.58,-26.58,-26.58,-26.58,-26.58,-26.58,-26.58,-26.58,-26.58,-26.58,-26.58,-26.58,-26.58,-26.58,-26.58,-26.58,-26.58,-26.58,-26.58,-26.58,-26.58,-26.58,-26.58,-26.58,-26.58,-26.58,-26.58,-26.58,-26.58,-26.58,-26.58,-26.58,-26.58,-26.58,-26.58,-26.58,-26.58,-26.58,-26.58,-26.58,-26.58,-26.58,-26.58,-26.58,-26.58,-26.58,-26.58,-26.58,-26.58,-26.58,-26.58,-26.58,-26.58,-26.58,-26.58,-26.58,-26.58,-26.58,-26.58,-26.58,-26.58,-26.58,-26.58,-26.58,-26.58,-26.58,-26.58,-26.58,-26.58,-26.58,-26.58,-26.58,-26.58,-26.58,-26.58,-26.58,-26.58,-26.58,-26.58,-26.58,-26.58,-26.58,-26.58,-26.58,-26.58
-28.925,-28.925,-28.925,-28.925,-28.925,-28.925,-28.925,-28.925,-28.925,-28.925,-28.925,-28.925,-28.925,-28.925,-28.925,-28.925,-28.925,-28.925,-28.925,-28.925,-28.925,-28.925,-28.925,-28.925,-28.925,-28.925,-28.925,-28.925,-28.925,-28.925,-28.925,-28.925,-28.925,-28.925,-28.925,-28.925,-28.925,-28.925,-28.925,-28.925,-28.925,-28.925,-28.925,-28.925,-28.925,-28.925,-28.925,-28.925,-28.925,-28.925,-28.925,-28.925,-28.925,-28.925,-28.925,-28.925,-28.925,-28.925,-28.925,-28.925,-28.925,-28.925,-28.925,-28.925,-28.925,-28.925,-28.925,-28.925,-28.925,-28.925,-28.925,-28.925,-28.925,-28.925,-28.925,-28.925,-28.925,-28.925,-28.925,-28.925,-28.925,-28.925,-28.925,-28.925,-28.925,-28.925,-28.925,-28.925,-28.925,-28.925,-28.925,-28.925,-28.925,-28.925,-28.925,-28.925,-28.925,-28.925,-28.925,-28.925
-31.562,-31.562,-31.562,-31.562,-31.562,-31.562,-31.562,-31.562,-31.562,-31.562,-31.562,-31.562,-31.562,-31.562,-31.562,-31.562,-31.562,-31.562,-31.562,-31.562,-31.562,-31.562,-31.562,-31.562,-31.562,-31.562,-31.562,-31.562,-31.562,-31.562,-31.562,-31.562,-31.562,-31.562,-31.562,-31.562,-31.562,-31.562,-31.562,-31.562,-31.562,-31.562,-31.562,-31.562,-31.562,-31.562,-31.562,-31.562,-31.562,-31.562,-31.562,-31.562,-31.562,-31.562,-31.562,-31.562,-31.562,-31.562,-31.562,-31.562,-31.562,-31.562,-31.562,-31.562,-31.562,-31.562,-31.562,-31.562,-31.562,-31.562,-31.562,-31.562,-31.562,-31.562,-31.562,-31.562,-31.562,-31.562,-31.562,-31.562,-31.562,-31.562,-31.562,-31.562,-31.562,-31.562,-31.562,-31.562,-31.562,-31.562,-31.562,-31.562,-31.562,-31.562,-31.562,-31.562,-31.562,-31.562,-31.562,-31.562
-34.664,-34.664,-34.664,-34.664,-34.664,-34.664,-34.664,-34.664,-34.664,-34.664,-34.664,-34.664,-34.664,-34.664,-34.664,-34.664,-34.664,-34.664,-34.664,-34.664,-34.664,-34.664,-34.664,-34.664,-34.664,-34.664,-34.664,-34.664,-34.664,-34.664,-34.664,-34.664,-34.664,-34.664,-34.664,-34.664,-34.664,-34.664,-34.664,-34.664,-34.664,-34.664,-34.664,-34.664,-34.664,-34.664,-34.664,-34.664,-34.664,-34.664,-34.664,-34.664,-34.664,-34.664,-34.664,-34.664,-34.664,-34.664,-34.664,-34.664,-34.664,-34.664,-34.664,-34.664,-34.664,-34.664,-34.664,-34.664,-34.664,-34.664,-34.664,-34.664,-34.664,-34.664,-34.664,-34.664,-34.664,-34.664,-34.664,-34.664,-34.664,-34.664,-34.664,-34.664,-34.664,-34.664,-34.664,-34.664,-34.664,-34.664,-34.664,-34.664,-34.664,-34.664,-34.664,-34.664,-34.664,-34.664,-34.664,-34.664
-39.721,-39.721,-39.721,-39.721,-39.721,-39.721,-39.721,-39.721,-39.721,-39.721,-39.721,-39.721,-39.721,-39.721,-39.721,-39.721,-39.721,-39.721,-39.721,-39.721,-39.721,-39.721,-39.721,-39.721,-39.721,-39.721,-39.721,-39.721,-39.721,-39.721,-39.721,-39.721,-39.721,-39.721,-39.721,-39.721,-39.721,-39.721,-39.721,-39.721,-39.721,-39.721,-39.721,-39.721,-39.721,-39.721,-39.721,-39.721,-39.721,-39.721,-39.721,-39.721,-39.721,-39.721,-39.721,-39.721,-39.721,-39.721,-39.721,-39.721,-39.721,-39.721,-39.721,-39.721,-39.721,-39.721,-39.721,-39.721,-39.721,-39.721,-39.721,-39.721,-39.721,-39.721,-39.721,-39.721,-39.721,-39.721,-39.721,-39.721,-39.721,-39.721,-39.721,-39.721,-39.721,-39.721,-39.721,-39.721,-39.721,-39.721,-39.721,-39.721,-39.721,-39.721,-39.721,-39.721,-39.721,-39.721,-39.721,-39.721
-44.357,-44.357,-44.357,-44.357,-44.357,-44.357,-44.357,-44.357,-44.357,-44.357,-44.357,-44.357,-44.357,-44.357,-44.357,-44.357,-44.357,-44.357,-44.357,-44.357,-44.357,-44.357,-44.357,-44.357,-44.357,-44.357,-44.357,-44.357,-44.357,-44.357,-44.357,-44.357,-44.357,-44.357,-44.357,-44.357,-44.357,-44.357,-44.357,-44.357,-44.357,-44.357,-44.357,-44.357,-44.357,-44.357,-44.357,-44.357,-44.357,-44.357,-44.357,-44.357,-44.357,-44.357,-44.357,-44.357,-44.357,-44.357,-44.357,-44.357,-44.357,-44.357,-44.357,-44.357,-44.357,-44.357,-44.357,-44.357,-44.357,-44.357,-44.357,-44.357,-44.357,-44.357,-44.357,-44.357,-44.357,-44.357,-44.357,-44.357,-44.357,-44.357,-44.357,-44.357,-44.357,-44.357,-44.357,-44.357,-44.357,-44.357,-44.357,-44.357,-44.357,-44.357,-44.357,-44.357,-44.357,-44.357,-44.357,-44.357
-46.606,-46.606,-46.606,-46.606,-46.606,-46.606,-46.606,-46.606,-46.606,-46.606,-46.606,-46.606,-46.606,-46.606,-46.606,-46.606,-46.606,-46.606,-46.606,-46.606,-46.606,-46.606,-46.606,-46.606,-46.606,-46.606,-46.606,-46.606,-46.606,-46.606,-46.606,-46.606,-46.606,-46.606,-46.606,-46.606,-46.606,-46.606,-46.606,-46.606,-46.606,-46.606,-46.606,-46.606,-46.606,-46.606,-46.606,-46.606,-46.606,-46.606,-46.606,-46.606,-46.606,-46.606,-46.606,-46.606,-46.606,-46.606,-46.606,-46.606,-46.606,-46.606,-46.606,-46.606,-46.606,-46.606,-46.606,-46.606,-46.606,-46.606,-46.606,-46.606,-46.606,-46.606,-46.606,-46.606,-46.606,-46.606,-46.606,-46.606,-46.606,-46.606,-46.606,-46.606,-46.606,-46.606,-46.606,-46.606,-46.606,-46.606,-46.606,-46.606,-46.606,-46.606,-46.606,-46.606,-46.606,-46.606,-46.606,-46.606
-50.751,-50.751,-50.751,-50.751,-50.751,-50.751,-50.751,-50.751,-50.751,-50.751,-50.751,-50.751,-50.751,-50.751,-50.751,-50.751,-50.751,-50.751,-50.751,-50.751,-50.751,-50.751,-50.751,-50.751,-50.751,-50.751,-50.751,-50.751,-50.751,-50.751,-50.751,-50.751,-50.751,-50.751,-50.751,-50.751,-50.751,-50.751,-50.751,-50.751,-50.751,-50.751,-50.751,-50.751,-50.751,-50.751,-50.751,-50.751,-50.751,-50.751,-50.751,-50.751,-50.751,-50.751,-50.751,-50.751,-50.751,-50.751,-50.751,-50.751,-50.751,-50.751,-50.751,-50.751,-50.751,-50.751,-50.751,-50.751,-50.751,-50.751,-50.751,-50.751,-50.751,-50.751,-50.751,-50.751,-50.751,-50.751,-50.751,-50.751,-50.751,-50.751,-50.751,-50.751,-50.751,-50.751,-50.751,-50.751,-50.751,-50.751,-50.751,-50.751,-50.751,-50.751,-50.751,-50.751,-50.751,-50.751,-50.751,-50.751
-53.473,-53.473,-53.473,-53.473,-53.473,-53.473,-53.473,-53.473,-53.473,-53.473,-53.473,-53.473,-53.473,-53.473,-53.473,-53.473,-53.473,-53.473,-53.473,-53.473,-53.473,-53.473,-53.473,-53.473,-53.473,-53.473,-53.473,-53.473,-53.473,-53.473,-53.473,-53.473,-53.473,-53.473,-53.473,-53.473,-53.473,-53.473,-53.473,-53.473,-53.473,-53.473,-53.473,-53.473,-53.473,-53.473,-53.473,-53.473,-53.473,-53.473,-53.473,-53.473,-53.473,-53.473,-53.473,-53.473,-53.473,-53.473,-53.473,-53.473,-53.473,-53.473,-53.473,-53.473,-53.473,-53.473,-53.473,-53.473,-53.473,-53.473,-53.473,-53.473,-53.473,-53.473,-53.473,-53.473,-53.473,-53.473,-53.473,-53.473,-53.473,-53.473,-53.473,-53.473,-53.473,-53.473,-53.473,-53.473,-53.473,-53.473,-53.473,-53.473,-53.473,-53.473,-53.473,-53.473,-53.473,-53.473,-53.473,-53.473
-55.1,-55.1,-55.1,-55.1,-55.1,-55.1,-55.1,-55.1,-55.1,-55.1,-55.1,-55.1,-55.1,-55.1,-55.1,-55.1,-55.1,-55.1,-55.1,-55.1,-55.1,-55.1,-55.1,-55.1,-55.1,-55.1,-55.1,-55.1,-55.1,-55.1,-55.1,-55.1,-55.1,-55.1,-55.1,-55.1,-55.1,-55.1,-55.1,-55.1,-55.1,-55.1,-55.1,-55.1,-55.1,-55.1,-55.1,-55.1,-55.1,-55.1,-55.1,-55.1,-55.1,-55.1,-55.1,-55.1,-55.1,-55.1,-55.1,-55.1,-55.1,-55.1,-55.1,-55.1,-55.1,-55.1,-55.1,-55.1,-55.1,-55.1,-55.1,-55.1,-55.1,-55.1,-55.1,-55.1,-55.1,-55.1,-55.1,-55.1,-55.1,-55.1,-55.1,-55.1,-55.1,-55.1,-55.1,-55.1,-55.1,-55.1,-55.1,-55.1,-55.1,-55.1,-55.1,-55.1,-55.1,-55.1,-55.1,-55.1
-57.769,-57.769,-57.769,-57.769,-57.769,-57.769,-57.769,-57.769,-57.769,-57.769,-57.769,-57.769,-57.769,-57.769,-57.769,-57.769,-57.769,-57.769,-57.769,-57.769,-57.769,-57.769,-57.769,-57.769,-57.769,-57.769,-57.769,-57.769,-57.769,-57.769,-57.769,-57.769,-57.769,-57.769,-57.769,-57.769,-57.769,-57.769,-57.769,-57.769,-57.769,-57.769,-57.769,-57.769,-57.769,-57.769,-57.769,-57.769,-57.769,-57.769,-57.769,-57.769,-57.769,-57.769,-57.769,-57.769,-57.769,-57.769,-57.769,-57.769,-57.769,-57.769,-57.769,-57.769,-57.769,-57.769,-57.769,-57.769,-57.769,-57.769,-57.769,-57.769,-57.769,-57.769,-57.769,-57.769,-57.769,-57.769,-57.769,-57.769,-57.769,-57.769,-57.769,-57.769,-57.769,-57.769,-57.769,-57.769,-57.769,-57.769,-57.769,-57.769,-57.769,-57.769,-57.769,-57.769,-57.769,-57.769,-57.769,-57.769
-61.277,-61.277,-61.277,-61.277,-61.277,-61.277,-61.277,-61.277,-61.277,-61.277,-61.277,-61.277,-61.277,-61.277,-61.277,-61.277,-61.277,-61.277,-61.277,-61.277,-61.277,-61.277,-61.277,-61.277,-61.277,-61.277,-61.277,-61.277,-61.277,-61.277,-61.277,-61.277,-61.277,-61.277,-61.277,-61.277,-61.277,-61.277,-61.277,-61.277,-61.277,-61.277,-61.277,-61.277,-61.277,-61.277,-61.277,-61.277,-61.277,-61.277,-61.277,-61.277,-61.277,-61.277,-61.277,-61.277,-61.277,-61.277,-61.277,-61.277,-61.277,-61.277,-61.277,-61.277,-61.277,-61.277,-61.277,-61.277,-61.277,-61.277,-61.277,-61.277,-61.277,-61.277,-61.277,-61.277,-61.277,-61.277,-61.277,-61.277,-61.277,-61.277,-61.277,-61.277,-61.277,-61.277,-61.277,-61.277,-61.277,-61.277,-61.277,-61.277,-61.277,-61.277,-61.277,-61.277,-61.277,-61.277,-61.277,-61.277
-62.962,-62.962,-62.962,-62.962,-62.962,-62.962,-62.962,-62.962,-62.962,-62.962,-62.962,-62.962,-62.962,-62.962,-62.962,-62.962,-62.962,-62.962,-62.962,-62.962,-62.962,-62.962,-62.962,-62.962,-62.962,-62.962,-62.962,-62.962,-62.962,-62.962,-62.962,-62.962,-62.962,-62.962,-62.962,-62.962,-62.962,-62.962,-62.962,-62.962,-62.962,-62.962,-62.962,-62.962,-62.962,-62.962,-62.962,-62.962,-62.962,-62.962,-62.962,-62.962,-62.962,-62.962,-62.962,-62.962,-62.962,-62.962,-62.962,-62.962,-62.962,-62.962,-62.962,-62.962,-62.962,-62.962,-62.962,-62.962,-62.962,-62.962,-62.962,-62.962,-62.962,-62.962,-62.962,-62.962,-62.962,-62.962,-62.962,-62.962,-62.962,-62.962,-62.962,-62.962,-62.962,-62.962,-62.962,-62.962,-62.962,-62.962,-62.962,-62.962,-62.962,-62.962,-62.962,-62.962,-62.962,-62.962,-62.962,-62.962
-66.549,-66.549,-66.549,-66.549,-66.549,-66.549,-66.549,-66.549,-66.549,-66.549,-66.549,-66.549,-66.549,-66.549,-66.549,-66.549,-66.549,-66.549,-66.549,-66.549,-66.549,-66.549,-66.549,-66.549,-66.549,-66.549,-66.549,-66.549,-66.549,-66.549,-66.549,-66.549,-66.549,-66.549,-66.549,-66.549,-66.549,-66.549,-66.549,-66.549,-66.549,-66.549,-66.549,-66.549,-66.549,-66.549,-66.549,-66.549,-66.549,-66.549,-66.549,-66.549,-66.549,-66.549,-66.549,-66.549,-66.549,-66.549,-66.549,-66.549,-66.549,-66.549,-66.549,-66.549,-66.549,-66.549,-66.549,-66.549,-66.549,-66.549,-66.549,-66.549,-66.549,-66.549,-66.549,-66.549,-66.549,-66.549,-66.549,-66.549,-66.549,-66.549,-66.549,-66.549,-66.549,-66.549,-66.549,-66.549,-66.549,-66.549,-66.549,-66.549,-66.549,-66.549,-66.549,-66.549,-66.549,-66.549,-66.549,-66.549
-68.758,-68.758,-68.758,-68.758,-68.758,-68.758,-68.758,-68.758,-68.758,-68.758,-68.758,-68.758,-68.758,-68.758,-68.758,-68.758,-68.758,-68.758,-68.758,-68.758,-68.758,-68.758,-68.758,-68.758,-68.758,-68.758,-68.758,-68.758,-68.758,-68.758,-68.758,-68.758,-68.758,-68.758,-68.758,-68.758,-68.758,-68.758,-68.758,-68.758,-68.758,-68.758,-68.758,-68.758,-68.758,-68.758,-68.758,-68.758,-68.758,-68.758,-68.758,-68.758,-68.758,-68.758,-68.758,-68.758,-68.758,-68.758,-68.758,-68.758,-68.758,-68.758,-68.758,-68.758,-68.758,-68.758,-68.758,-68.758,-68.758,-68.758,-68.758,-68.758,-68.758,-68.758,-68.758,-68.758,-68.758,-68.758,-68.758,-68.758,-68.758,-68.758,-68.758,-68.758,-68.758,-68.758,-68.758,-68.758,-68.758,-68.758,-68.758,-68.758,-68.758,-68.758,-68.758,-68.758,-68.758,-68.758,-68.758,-68.758
-71.535,-71.535,-71.535,-71.535,-71.535,-71.535,-71.535,-71.535,-71.535,-71.535,-71.535,-71.535,-71.535,-71.535,-71.535,-71.535,-71.535,-71.535,-71.535,-71.535,-71.535,-71.535,-71.535,-71.535,-71.535,-71.535,-71.535,-71.535,-71.535,-71.535,-71.535,-71.535,-71.535,-71.535,-71.535,-71.535,-71.535,-71.535,-71.535,-71.535,-71.535,-71.535,-71.535,-71.535,-71.535,-71.535,-71.535,-71.535,-71.535,-71.535,-71.535,-71.535,-71.535,-71.535,-71.535,-71.535,-71.535,-71.535,-71.535,-71.535,-71.535,-71.535,-71.535,-71.535,-71.535,-71.535,-71.535,-71.535,-71.535,-71.535,-71.535,-71.535,-71.535,-71.535,-71.535,-71.535,-71.535,-71.535,-71.535,-71.535,-71.535,-71.535,-71.535,-71.535,-71.535,-71.535,-71.535,-71.535,-71.535,-71.535,-71.535,-71.535,-71.535,-71.535,-71.535,-71.535,-71.535,-71.535,-71.535,-71.535
-74.464,-74.464,-74.464,-74.464,-74.464,-74.464,-74.464,-74.464,-74.464,-74.464,-74.464,-74.464,-74.464,-74.464,-74.464,-74.464,-74.464,-74.464,-74.464,-74.464,-74.464,-74.464,-74.464,-74.464,-74.464,-74.464,-74.464,-74.464,-74.464,-74.464,-74.464,-74.464,-74.464,-74.464,-74.464,-74.464,-74.464,-74.464,-74.464,-74.464,-74.464,-74.464,-74.464,-74.464,-74.464,-74.464,-74.464,-74.464,-74.464,-74.464,-74.464,-74.464,-74.464,-74.464,-74.464,-74.464,-74.464,-74.464,-74.464,-74.464,-74.464,-74.464,-74.464,-74.464,-74.464,-74.464,-74.464,-74.464,-74.464,-74.464,-74.464,-74.464,-74.464,-74.464,-74.464,-74.464,-74.464,-74.464,-74.464,-74.464,-74.464,-74.464,-74.464,-74.464,-74.464,-74.464,-74.464,-74.464,-74.464,-74.464,-74.464,-74.464,-74.464,-74.464,-74.464,-74.464,-74.464,-74.464,-74.464,-74.464
-77.718,-77.718,-77.718,-77.718,-77.718,-77.718,-77.718,-77.718,-77.718,-77.718,-77.718,-77.718,-77.718,-77.718,-77.718,-77.718,-77.718,-77.718,-77.718,-77.718,-77.718,-77.718,-77.718,-77.718,-77.718,-77.718,-77.718,-77.718,-77.718,-77.718,-77.718,-77.718,-77.718,-77.718,-77.718,-77.718,-77.718,-77.718,-77.718,-77.718,-77.718,-77.718,-77.718,-77.718,-77.718,-77.718,-77.718,-77.718,-77.718,-77.718,-77.718,-77.718,-77.718,-77.718,-77.718,-77.718,-77.718,-77.718,-77.718,-77.718,-77.718,-77.718,-77.718,-77.718,-77.718,-77.718,-77.718,-77.718,-77.718,-77.718,-77.718,-77.718,-77.718,-77.718,-77.718,-77.718,-77.718,-77.718,-77.718,-77.718,-77.718,-77.718,-77.718,-77.718,-77.718,-77.718,-77.718,-77.718,-77.718,-77.718,-77.718,-77.718,-77.718,-77.718,-77.718,-77.718,-77.718,-77.718,-77.718,-77.718
-80.764,-80.764,-80.764,-80.764,-80.764,-80.764,-80.764,-80.764,-80.764,-80.764,-80.764,-80.764,-80.764,-80.764,-80.764,-80.764,-80.764,-80.764,-80.764,-80.764,-80.764,-80.764,-80.764,-80.764,-80.764,-80.764,-80.764,-80.764,-80.764,-80.764,-80.764,-80.764,-80.764,-80.764,-80.764,-80.764,-80.764,-80.764,-80.764,-80.764,-80.764,-80.764,-80.764,-80.764,-80.764,-80.764,-80.764,-80.764,-80.764,-80.764,-80.764,-80.764,-80.764,-80.764,-80.764,-80.764,-80.764,-80.764,-80.764,-80.764,-80.764,-80.764,-80.764,-80.764,-80.764,-80.764,-80.764,-80.764,-80.764,-80.764,-80.764,-80.764,-80.764,-80.764,-80.764,-80.764,-80.764,-80.764,-80.764,-80.764,-80.764,-80.764,-80.764,-80.764,-80.764,-80.764,-80.764,-80.764,-80.764,-80.764,-80.764,-80.764,-80.764,-80.764,-80.764,-80.764,-80.764,-80.764,-80.764,-80.764
-83.855,-83.855,-83.855,-83.855,-83.855,-83.855,-83.855,-83.855,-83.855,-83.855,-83.855,-83.855,-83.855,-83.855,-83.855,-83.855,-83.855,-83.855,-83.855,-83.855,-83.855,-83.855,-83.855,-83.855,-83.855,-83.855,-83.855,-83.855,-83.855,-83.855,-83.855,-83.855,-83.855,-83.855,-83.855,-83.855,-83.855,-83.855,-83.855,-83.855,-83.855,-83.855,-83.855,-83.855,-83.855,-83.855,-83.855,-83.855,-83.855,-83.855,-83.855,-83.855,-83.855,-83.855,-83.855,-83.855,-83.855,-83.855,-83.855,-83.855,-83.855,-83.855,-83.855,-83.855,-83.855,-83.855,-83.855,-83.855,-83.855,-83.855,-83.855,-83.855,-83.855,-83.855,-83.855,-83.855,-83.855,-83.855,-83.855,-83.855,-83.855,-83.855,-83.855,-83.855,-83.855,-83.855,-83.855,-83.855,-83.855,-83.855,-83.855,-83.855,-83.855,-83.855,-83.855,-83.855,-83.855,-83.855,-83.855,-83.855
-85.525,-85.525,-85.525,-85.525,-85.525,-85.525,-85.525,-85.525,-85.525,-85.525,-85.525,-85.525,-85.525,-85.525,-85.525,-85.525,-85.525,-85.525,-85.525,-85.525,-85.525,-85.525,-85.525,-85.525,-85.525,-85.525,-85.525,-85.525,-85.525,-85.525,-85.525,-85.525,-85.525,-85.525,-85.525,-85.525,-85.525,-85.525,-85.525,-85.525,-85.525,-85.525,-85.525,-85.525,-85.525,-85.525,-85.525,-85.525,-85.525,-85.525,-85.525,-85.525,-85.525,-85.525,-85.525,-85.525,-85.525,-85.525,-85.525,-85.525,-85.525,-85.525,-85.525,-85.525,-85.525,-85.525,-85.525,-85.525,-85.525,-85.525,-85.525,-85.525,-85.525,-85.525,-85.525,-85.525,-85.525,-85.525,-85.525,-85.525,-85.525,-85.525,-85.525,-85.525,-85.525,-85.525,-85.525,-85.525,-85.525,-85.525,-85.525,-85.525,-85.525,-85.525,-85.525,-85.525,-85.525,-85.525,-85.525,-85.525
-87.822,-87.822,-87.822,-87.822,-87.822,-87.822,-87.822,-87.822,-87.822,-87.822,-87.822,-87.822,-87.822,-87.822,-87.822,-87.822,-87.822,-87.822,-87.822,-87.822,-87.822,-87.822,-87.822,-87.822,-87.822,-87.822,-87.822,-87.822,-87.822,-87.822,-87.822,-87.822,-87.822,-87.822,-87.822,-87.822,-87.822,-87.822,-87.822,-87.822,-87.822,-87.822,-87.822,-87.822,-87.822,-87.822,-87.822,-87.822,-87.822,-87.822,-87.822,-87.822,-87.822,-87.822,-87.822,-87.822,-87.822,-87.822,-87.822,-87.822,-87.822,-87.822,-87.822,-87.822,-87.822,-87.822,-87.822,-87.822,-87.822,-87.822,-87.822,-87.822,-87.822,-87.822,-87.822,-87.822,-87.822,-87.822,-87.822,-87.822,-87.822,-87.822,-87.822,-87.822,-87.822,-87.822,-87.822,-87.822,-87.822,-87.822,-87.822,-87.822,-87.822,-87.822,-87.822,-87.822,-87.822,-87.822,-87.822,-87.822
-89.072,-89.072,-89.072,-89.072,-89.072,-89.072,-89.072,-89.072,-89.072,-89.072,-89.072,-89.072,-89.072,-89.072,-89.072,-89.072,-89.072,-89.072,-89.072,-89.072,-89.072,-89.072,-89.072,-89.072,-89.072,-89.072,-89.072,-89.072,-89.072,-89.072,-89.072,-89.072,-89.072,-89.072,-89.072,-89.072,-89.072,-89.072,-89.072,-89.072,-89.072,-89.072,-89.072,-89.072,-89.072,-89.072,-89.072,-89.072,-89.072,-89.072,-89.072,-89.072,-89.072,-89.072,-89.072,-89.072,-89.072,-89.072,-89.072,-89.072,-89.072,-89.072,-89.072,-89.072,-89.072,-89.072,-89.072,-89.072,-89.072,-89.072,-89.072,-89.072,-89.072,-89.072,-89.072,-89.072,-89.072,-89.072,-89.072,-89.072,-89.072,-89.072,-89.072,-89.072,-89.072,-89.072,-89.072,-89.072,-89.072,-89.072,-89.072,-89.072,-89.072,-89.072,-89.072,-89.072,-89.072,-89.072,-89.072,-89.072
-92.619,-92.619,-92.619,-92.619,-92.619,-92.619,-92.619,-92.619,-92.619,-92.619,-92.619,-92.619,-92.619,-92.619,-92.619,-92.619,-92.619,-92.619,-92.619,-92.619,-92.619,-92.619,-92.619,-92.619,-92.619,-92.619,-92.619,-92.619,-92.619,-92.619,-92.619,-92.619,-92.619,-92.619,-92.619,-92.619,-92.619,-92.619,-92.619,-92.619,-92.619,-92.619,-92.619,-92.619,-92.619,-92.619,-92.619,-92.619,-92.619,-92.619,-92.619,-92.619,-92.619,-92.619,-92.619,-92.619,-92.619,-92.619,-92.619,-92.619,-92.619,-92.619,-92.619,-92.619,-92.619,-92.619,-92.619,-92.619,-92.619,-92.619,-92.619,-92.619,-92.619,-92.619,-92.619,-92.619,-92.619,-92.619,-92.619,-92.619,-92.619,-92.619,-92.619,-92.619,-92.619,-92.619,-92.619,-92.619,-92.619,-92.619,-92.619,-92.619,-92.619,-92.619,-92.619,-92.619,-92.619,-92.619,-92.619,-92.619
-94.791,-94.791,-94.791,-94.791,-94.791,-94.791,-94.791,-94.791,-94.791,-94.791,-94.791,-94.791,-94.791,-94.791,-94.791,-94.791,-94.791,-94.791,-94.791,-94.791,-94.791,-94.791,-94.791,-94.791,-94.791,-94.791,-94.791,-94.791,-94.791,-94.791,-94.791,-94.791,-94.791,-94.791,-94.791,-94.791,-94.791,-94.791,-94.791,-94.791,-94.791,-94.791,-94.791,-94.791,-94.791,-94.791,-94.791,-94.791,-94.791,-94.791,-94.791,-94.791,-94.791,-94.791,-94.791,-94.791,-94.791,-94.791,-94.791,-94.791,-94.791,-94.791,-94.791,-94.791,-94.791,-94.791,-94.791,-94.791,-94.791,-94.791,-94.791,-94.791,-94.791,-94.791,-94.791,-94.791,-94.791,-94.791,-94.791,-94.791,-94.791,-94.791,-94.791,-94.791,-94.791,-94.791,-94.791,-94.791,-94.791,-94.791,-94.791,-94.791,-94.791,-94.791,-94.791,-94.791,-94.791,-94.791,-94.791,-94.791
-99.908,-99.908,-99.908,-99.908,-99.908,-99.908,-99.908,-99.908,-99.908,-99.908,-99.908,-99.908,-99.908,-99.908,-99.908,-99.908,-99.908,-99.908,-99.908,-99.908,-99.908,-99.908,-99.908,-99.908,-99.908,-99.908,-99.908,-99.908,-99.908,-99.908,-99.908,-99.908,-99.908,-99.908,-99.908,-99.908,-99.908,-99.908,-99.908,-99.908,-99.908,-99.908,-99.908,-99.908,-99.908,-99.908,-99.908,-99.908,-99.908,-99.908,-99.908,-99.908,-99.908,-99.908,-99.908,-99.908,-99.908,-99.908,-99.908,-99.908,-99.908,-99.908,-99.908,-99.908,-99.908,-99.908,-99.908,-99.908,-99.908,-99.908,-99.908,-99.908,-99.908,-99.908,-99.908,-99.908,-99.908,-99.908,-99.908,-99.908,-99.908,-99.908,-99.908,-99.908,-99.908,-99.908,-99.908,-99.908,-99.908,-99.908,-99.908,-99.908,-99.908,-99.908,-99.908,-99.908,-99.908,-99.908,-99.908,-99.908
-102,-102,-102,-102,-102,-102,-102,-102,-102,-102,-102,-102,-102,-102,-102,-102,-102,-102,-102,-102,-102,-102,-102,-102,-102,-102,-102,-102,-102,-102,-102,-102,-102,-102,-102,-102,-102,-102,-102,-102,-102,-102,-102,-102,-102,-102,-102,-102,-102,-102,-102,-102,-102,-102,-102,-102,-102,-102,-102,-102,-102,-102,-102,-102,-102,-102,-102,-102,-102,-102,-102,-102,-102,-102,-102,-102,-102,-102,-102,-102,-102,-102,-102,-102,-102,-102,-102,-102,-102,-102,-102,-102,-102,-102,-102,-102,-102,-102,-102,-102
-105.58,-105.58,-105.58,-105.58,-105.58,-105.58,-105.58,-105.58,-105.58,-105.58,-105.58,-105.58,-105.58,-105.58,-105.58,-105.58,-105.58,-105.58,-105.58,-105.58,-105.58,-105.58,-105.58,-105.58,-105.58,-105.58,-105.58,-105.58,-105.58,-105.58,-105.58,-105.58,-105.58,-105.58,-105.58,-105.58,-105.58,-105.58,-105.58,-105.58,-105.58,-105.58,-105.58,-105.58,-105.58,-105.58,-105.58,-105.58,-105.58,-105.58,-105.58,-105.58,-105.58,-105.58,-105.58,-105.58,-105.58,-105.58,-105.58,-105.58,-105.58,-105.58,-105.58,-105.58,-105.58,-105.58,-105.58,-105.58,-105.58,-105.58,-105.58,-105.58,-105.58,-105.58,-105.58,-105.58,-105.58,-105.58,-105.58,-105.58,-105.58,-105.58,-105.58,-105.58,-105.58,-105.58,-105.58,-105.58,-105.58,-105.58,-105.58,-105.58,-105.58,-105.58,-105.58,-105.58,-105.58,-105.58,-105.58,-105.58
-109.1,-109.1,-109.1,-109.1,-109.1,-109.1,-109.1,-109.1,-109.1,-109.1,-109.1,-109.1,-109.1,-109.1,-109.1,-109.1,-109.1,-109.1,-109.1,-109.1,-109.1,-109.1,-109.1,-109.1,-109.1,-109.1,-109.1,-109.1,-109.1,-109.1,-109.1,-109.1,-109.1,-109.1,-109.1,-109.1,-109.1,-109.1,-109.1,-109.1,-109.1,-109.1,-109.1,-109.1,-109.1,-109.1,-109.1,-109.1,-109.1,-109.1,-109.1,-109.1,-109.1,-109.1,-109.1,-109.1,-109.1,-109.1,-109.1,-109.1,-109.1,-109.1,-109.1,-109.1,-109.1,-109.1,-109.1,-109.1,-109.1,-109.1,-109.1,-109.1,-109.1,-109.1,-109.1,-109.1,-109.1,-109.1,-109.1,-109.1,-109.1,-109.1,-109.1,-109.1,-109.1,-109.1,-109.1,-109.1,-109.1,-109.1,-109.1,-109.1,-109.1,-109.1,-109.1,-109.1,-109.1,-109.1,-109.1,-109.1
-113.91,-113.91,-113.91,-113.91,-113.91,-113.91,-113.91,-113.91,-113.91,-113.91,-113.91,-113.91,-113.91,-113.91,-113.91,-113.91,-113.91,-113.91,-113.91,-113.91,-113.91,-113.91,-113.91,-113.91,-113.91,-113.91,-113.91,-113.91,-113.91,-113.91,-113.91,-113.91,-113.91,-113.91,-113.91,-113.91,-113.91,-113.91,-113.91,-113.91,-113.91,-113.91,-113.91,-113.91,-113.91,-113.91,-113.91,-113.91,-113.91,-113.91,-113.91,-113.91,-113.91,-113.91,-113.91,-113.91,-113.91,-113.91,-113.91,-113.91,-113.91,-113.91,-113.91,-113.91,-113.91,-113.91,-113.91,-113.91,-113.91,-113.91,-113.91,-113.91,-113.91,-113.91,-113.91,-113.91,-113.91,-113.91,-113.91,-113.91,-113.91,-113.91,-113.91,-113.91,-113.91,-113.91,-113.91,-113.91,-113.91,-113.91,-113.91,-113.91,-113.91,-113.91,-113.91,-113.91,-113.91,-113.91,-113.91,-113.91
-115.35,-115.35,-115.35,-115.35,-115.35,-115.35,-115.35,-115.35,-115.35,-115.35,-115.35,-115.35,-115.35,-115.35,-115.35,-115.35,-115.35,-115.35,-115.35,-115.35,-115.35,-115.35,-115.35,-115.35,-115.35,-115.35,-115.35,-115.35,-115.35,-115.35,-115.35,-115.35,-115.35,-115.35,-115.35,-115.35,-115.35,-115.35,-115.35,-115.35,-115.35,-115.35,-115.35,-115.35,-115.35,-115.35,-115.35,-115.35,-115.35,-115.35,-115.35,-115.35,-115.35,-115.35,-115.35,-115.35,-115.35,-115.35,-115.35,-115.35,-115.35,-115.35,-115.35,-115.35,-115.35,-115.35,-115.35,-115.35,-115.35,-115.35,-115.35,-115.35,-115.35,-115.35,-115.35,-115.35,-115.35,-115.35,-115.35,-115.35,-115.35,-115.35,-115.35,-115.35,-115.35,-115.35,-115.35,-115.35,-115.35,-115.35,-115.35,-115.35,-115.35,-115.35,-115.35,-115.35,-115.35,-115.35,-115.35,-115.35
-120.92,-120.92,-120.92,-120.92,-120.92,-120.92,-120.92,-120.92,-120.92,-120.92,-120.92,-120.92,-120.92,-120.92,-120.92,-120.92,-120.92,-120.92,-120.92,-120.92,-120.92,-120.92,-120.92,-120.92,-120.92,-120.92,-120.92,-120.92,-120.92,-120.92,-120.92,-120.92,-120.92,-120.92,-120.92,-120.92,-120.92,-120.92,-120.92,-120.92,-120.92,-120.92,-120.92,-120.92,-120.92,-120.92,-120.92,-120.92,-120.92,-120.92,-120.92,-120.92,-120.92,-120.92,-120.92,-120.92,-120.92,-120.92,-120.92,-120.92,-120.92,-120.92,-120.92,-120.92,-120.92,-120.92,-120.92,-120.92,-120.92,-120.92,-120.92,-120.92,-120.92,-120.92,-120.92,-120.92,-120.92,-120.92,-120.92,-120.92,-120.92,-120.92,-120.92,-120.92,-120.92,-120.92,-120.92,-120.92,-120.92,-120.92,-120.92,-120.92,-120.92,-120.92,-120.92,-120.92,-120.92,-120.92,-120.92,-120.92
-126.13,-126.13,-126.13,-126.13,-126.13,-126.13,-126.13,-126.13,-126.13,-126.13,-126.13,-126.13,-126.13,-126.13,-126.13,-126.13,-126.13,-126.13,-126.13,-126.13,-126.13,-126.13,-126.13,-126.13,-126.13,-126.13,-126.13,-126.13,-126.13,-126.13,-126.13,-126.13,-126.13,-126.13,-126.13,-126.13,-126.13,-126.13,-126.13,-126.13,-126.13,-126.13,-126.13,-126.13,-126.13,-126.13,-126.13,-126.13,-126.13,-126.13,-126.13,-126.13,-126.13,-126.13,-126.13,-126.13,-126.13,-126.13,-126.13,-126.13,-126.13,-126.13,-126.13,-126.13,-126.13,-126.13,-126.13,-126.13,-126.13,-126.13,-126.13,-126.13,-126.13,-126.13,-126.13,-126.13,-126.13,-126.13,-126.13,-126.13,-126.13,-126.13,-126.13,-126.13,-126.13,-126.13,-126.13,-126.13,-126.13,-126.13,-126.13,-126.13,-126.13,-126.13,-126.13,-126.13,-126.13,-126.13,-126.13,-126.13
-126.91,-126.91,-126.91,-126.91,-126.91,-126.91,-126.91,-126.91,-126.91,-126.91,-126.91,-126.91,-126.91,-126.91,-126.91,-126.91,-126.91,-126.91,-126.91,-126.91,-126.91,-126.91,-126.91,-126.91,-126.91,-126.91,-126.91,-126.91,-126.91,-126.91,-126.91,-126.91,-126.91,-126.91,-126.91,-126.91,-126.91,-126.91,-126.91,-126.91,-126.91,-126.91,-126.91,-126.91,-126.91,-126.91,-126.91,-126.91,-126.91,-126.91,-126.91,-126.91,-126.91,-126.91,-126.91,-126.91,-126.91,-126.91,-126.91,-126.91,-126.91,-126.91,-126.91,-126.91,-126.91,-126.91,-126.91,-126.91,-126.91,-126.91,-126.91,-126.91,-126.91,-126.91,-126.91,-126.91,-126.91,-126.91,-126.91,-126.91,-126.91,-126.91,-126.91,-126.91,-126.91,-126.91,-126.91,-126.91,-126.91,-126.91,-126.91,-126.91,-126.91,-126.91,-126.91,-126.91,-126.91,-126.91,-126.91,-126.91
-128.55,-128.55,-128.55,-128.55,-128.55,-128.55,-128.55,-128.55,-128.55,-128.55,-128.55,-128.55,-128.55,-128.55,-128.55,-128.55,-128.55,-128.55,-128.55,-128.55,-128.55,-128.55,-128.55,-128.55,-128.55,-128.55,-128.55,-128.55,-128.55,-128.55,-128.55,-128.55,-128.55,-128.55,-128.55,-128.55,-128.55,-128.55,-128.55,-128.55,-128.55,-128.55,-128.55,-128.55,-128.55,-128.55,-128.55,-128.55,-128.55,-128.55,-128.55,-128.55,-128.55,-128.55,-128.55,-128.55,-128.55,-128.55,-128.55,-128.55,-128.55,-128.55,-128.55,-128.55,-128.55,-128.55,-128.55,-128.55,-128.55,-128.55,-128.55,-128.55,-128.55,-128.55,-128.55,-128.55,-128.55,-128.55,-128.55,-128.55,-128.55,-128.55,-128.55,-128.55,-128.55,-128.55,-128.55,-128.55,-128.55,-128.55,-128.55,-128.55,-128.55,-128.55,-128.55,-128.55,-128.55,-128.55,-128.55,-128.55
-129.53,-129.53,-129.53,-129.53,-129.53,-129.53,-129.53,-129.53,-129.53,-129.53,-129.53,-129.53,-129.53,-129.53,-129.53,-129.53,-129.53,-129.53,-129.53,-129.53,-129.53,-129.53,-129.53,-129.53,-129.53,-129.53,-129.53,-129.53,-129.53,-129.53,-129.53,-129.53,-129.53,-129.53,-129.53,-129.53,-129.53,-129.53,-129.53,-129.53,-129.53,-129.53,-129.53,-129.53,-129.53,-129.53,-129.53,-129.53,-129.53,-129.53,-129.53,-129.53,-129.53,-129.53,-129.53,-129.53,-129.53,-129.53,-129.53,-129.53,-129.53,-129.53,-129.53,-129.53,-129.53,-129.53,-129.53,-129.53,-129.53,-129.53,-129.53,-129.53,-129.53,-129.53,-129.53,-129.53,-129.53,-129.53,-129.53,-129.53,-129.53,-129.53,-129.53,-129.53,-129.53,-129.53,-129.53,-129.53,-129.53,-129.53,-129.53,-129.53,-129.53,-129.53,-129.53,-129.53,-129.53,-129.53,-129.53,-129.53
-131.82,-131.82,-131.82,-131.82,-131.82,-131.82,-131.82,-131.82,-131.82,-131.82,-131.82,-131.82,-131.82,-131.82,-131.82,-131.82,-131.82,-131.82,-131.82,-131.82,-131.82,-131.82,-131.82,-131.82,-131.82,-131.82,-131.82,-131.82,-131.82,-131.82,-131.82,-131.82,-131.82,-131.82,-131.82,-131.82,-131.82,-131.82,-131.82,-131.82,-131.82,-131.82,-131.82,-131.82,-131.82,-131.82,-131.82,-131.82,-131.82,-131.82,-131.82,-131.82,-131.82,-131.82,-131.82,-131.82,-131.82,-131.82,-131.82,-131.82,-131.82,-131.82,-131.82,-131.82,-131.82,-131.82,-131.82,-131.82,-131.82,-131.82,-131.82,-131.82,-131.82,-131.82,-131.82,-131.82,-131.82,-131.82,-131.82,-131.82,-131.82,-131.82,-131.82,-131.82,-131.82,-131.82,-131.82,-131.82,-131.82,-131.82,-131.82,-131.82,-131.82,-131.82,-131.82,-131.82,-131.82,-131.82,-131.82,-131.82
-133.43,-133.43,-133.43,-133.43,-133.43,-133.43,-133.43,-133.43,-133.43,-133.43,-133.43,-133.43,-133.43,-133.43,-133.43,-133.43,-133.43,-133.43,-133.43,-133.43,-133.43,-133.43,-133.43,-133.43,-133.43,-133.43,-133.43,-133.43,-133.43,-133.43,-133.43,-133.43,-133.43,-133.43,-133.43,-133.43,-133.43,-133.43,-133.43,-133.43,-133.43,-133.43,-133.43,-133.43,-133.43,-133.43,-133.43,-133.43,-133.43,-133.43,-133.43,-133.43,-133.43,-133.43,-133.43,-133.43,-133.43,-133.43,-133.43,-133.43,-133.43,-133.43,-133.43,-133.43,-133.43,-133.43,-133.43,-133.43,-133.43,-133.43,-133.43,-133.43,-133.43,-133.43,-133.43,-133.43,-133.43,-133.43,-133.43,-133.43,-133.43,-133.43,-133.43,-133.43,-133.43,-133.43,-133.43,-133.43,-133.43,-133.43,-133.43,-133.43,-133.43,-133.43,-133.43,-133.43,-133.43,-133.43,-133.43,-133.43
-135.82,-135.82,-135.82,-135.82,-135.82,-135.82,-135.82,-135.82,-135.82,-135.82,-135.82,-135.82,-135.82,-135.82,-135.82,-135.82,-135.82,-135.82,-135.82,-135.82,-135.82,-135.82,-135.82,-135.82,-135.82,-135.82,-135.82,-135.82,-135.82,-135.82,-135.82,-135.82,-135.82,-135.82,-135.82,-135.82,-135.82,-135.82,-135.82,-135.82,-135.82,-135.82,-135.82,-135.82,-135.82,-135.82,-135.82,-135.82,-135.82,-135.82,-135.82,-135.82,-135.82,-135.82,-135.82,-135.82,-135.82,-135.82,-135.82,-135.82,-135.82,-135.82,-135.82,-135.82,-135.82,-135.82,-135.82,-135.82,-135.82,-135.82,-135.82,-135.82,-135.82,-135.82,-135.82,-135.82,-135.82,-135.82,-135.82,-135.82,-135.82,-135.82,-135.82,-135.82,-135.82,-135.82,-135.82,-135.82,-135.82,-135.82,-135.82,-135.82,-135.82,-135.82,-135.82,-135.82,-135.82,-135.82,-135.82,-135.82
-135.74,-135.74,-135.74,-135.74,-135.74,-135.74,-135.74,-135.74,-135.74,-135.74,-135.74,-135.74,-135.74,-135.74,-135.74,-135.74,-135.74,-135.74,-135.74,-135.74,-135.74,-135.74,-135.74,-135.74,-135.74,-135.74,-135.74,-135.74,-135.74,-135.74,-135.74,-135.74,-135.74,-135.74,-135.74,-135.74,-135.74,-135.74,-135.74,-135.74,-135.74,-135.74,-135.74,-135.74,-135.74,-135.74,-135.74,-135.74,-135.74,-135.74,-135.74,-135.74,-135.74,-135.74,-135.74,-135.74,-135.74,-135.74,-135.74,-135.74,-135.74,-135.74,-135.74,-135.74,-135.74,-135.74,-135.74,-135.74,-135.74,-135.74,-135.74,-135.74,-135.74,-135.74,-135.74,-135.74,-135.74,-135.74,-135.74,-135.74,-135.74,-135.74,-135.74,-135.74,-135.74,-135.74,-135.74,-135.74,-135.74,-135.74,-135.74,-135.74,-135.74,-135.74,-135.74,-135.74,-135.74,-135.74,-135.74,-135.74
-137.64,-137.64,-137.64,-137.64,-137.64,-137.64,-137.64,-137.64,-137.64,-137.64,-137.64,-137.64,-137.64,-137.64,-137.64,-137.64,-137.64,-137.64,-137.64,-137.64,-137.64,-137.64,-137.64,-137.64,-137.64,-137.64,-137.64,-137.64,-137.64,-137.64,-137.64,-137.64,-137.64,-137.64,-137.64,-137.64,-137.64,-137.64,-137.64,-137.64,-137.64,-137.64,-137.64,-137.64,-137.64,-137.64,-137.64,-137.64,-137.64,-137.64,-137.64,-137.64,-137.64,-137.64,-137.64,-137.64,-137.64,-137.64,-137.64,-137.64,-137.64,-137.64,-137.64,-137.64,-137.64,-137.64,-137.64,-137.64,-137.64,-137.64,-137.64,-137.64,-137.64,-137.64,-137.64,-137.64,-137.64,-137.64,-137.64,-137.64,-137.64,-137.64,-137.64,-137.64,-137.64,-137.64,-137.64,-137.64,-137.64,-137.64,-137.64,-137.64,-137.64,-137.64,-137.64,-137.64,-137.64,-137.64,-137.64,-137.64
-139.33,-139.33,-139.33,-139.33,-139.33,-139.33,-139.33,-139.33,-139.33,-139.33,-139.33,-139.33,-139.33,-139.33,-139.33,-139.33,-139.33,-139.33,-139.33,-139.33,-139.33,-139.33,-139.33,-139.33,-139.33,-139.33,-139.33,-139.33,-139.33,-139.33,-139.33,-139.33,-139.33,-139.33,-139.33,-139.33,-139.33,-139.33,-139.33,-139.33,-139.33,-139.33,-139.33,-139.33,-139.33,-139.33,-139.33,-139.33,-139.33,-139.33,-139.33,-139.33,-139.33,-139.33,-139.33,-139.33,-139.33,-139.33,-139.33,-139.33,-139.33,-139.33,-139.33,-139.33,-139.33,-139.33,-139.33,-139.33,-139.33,-139.33,-139.33,-139.33,-139.33,-139.33,-139.33,-139.33,-139.33,-139.33,-139.33,-139.33,-139.33,-139.33,-139.33,-139.33,-139.33,-139.33,-139.33,-139.33,-139.33,-139.33,-139.33,-139.33,-139.33,-139.33,-139.33,-139.33,-139.33,-139.33,-139.33,-139.33
-140.86,-140.86,-140.86,-140.86,-140.86,-140.86,-140.86,-140.86,-140.86,-140.86,-140.86,-140.86,-140.86,-140.86,-140.86,-140.86,-140.86,-140.86,-140.86,-140.86,-140.86,-140.86,-140.86,-140.86,-140.86,-140.86,-140.86,-140.86,-140.86,-140.86,-140.86,-140.86,-140.86,-140.86,-140.86,-140.86,-140.86,-140.86,-140.86,-140.86,-140.86,-140.86,-140.86,-140.86,-140.86,-140.86,-140.86,-140.86,-140.86,-140.86,-140.86,-140.86,-140.86,-140.86,-140.86,-140.86,-140.86,-140.86,-140.86,-140.86,-140.86,-140.86,-140.86,-140.86,-140.86,-140.86,-140.86,-140.86,-140.86,-140.86,-140.86,-140.86,-140.86,-140.86,-140.86,-140.86,-140.86,-140.86,-140.86,-140.86,-140.86,-140.86,-140.86,-140.86,-140.86,-140.86,-140.86,-140.86,-140.86,-140.86,-140.86,-140.86,-140.86,-140.86,-140.86,-140.86,-140.86,-140.86,-140.86,-140.86
-141.95,-141.95,-141.95,-141.95,-141.95,-141.95,-141.95,-141.95,-141.95,-141.95,-141.95,-141.95,-141.95,-141.95,-141.95,-141.95,-141.95,-141.95,-141.95,-141.95,-141.95,-141.95,-141.95,-141.95,-141.95,-141.95,-141.95,-141.95,-141.95,-141.95,-141.95,-141.95,-141.95,-141.95,-141.95,-141.95,-141.95,-141.95,-141.95,-141.95,-141.95,-141.95,-141.95,-141.95,-141.95,-141.95,-141.95,-141.95,-141.95,-141.95,-141.95,-141.95,-141.95,-141.95,-141.95,-141.95,-141.95,-141.95,-141.95,-141.95,-141.95,-141.95,-141.95,-141.95,-141.95,-141.95,-141.95,-141.95,-141.95,-141.95,-141.95,-141.95,-141.95,-141.95,-141.95,-141.95,-141.95,-141.95,-141.95,-141.95,-141.95,-141.95,-141.95,-141.95,-141.95,-141.95,-141.95,-141.95,-141.95,-141.95,-141.95,-141.95,-141.95,-141.95,-141.95,-141.95,-141.95,-141.95,-141.95,-141.95
-142.75,-142.75,-142.75,-142.75,-142.75,-142.75,-142.75,-142.75,-142.75,-142.75,-142.75,-142.75,-142.75,-142.75,-142.75,-142.75,-142.75,-142.75,-142.75,-142.75,-142.75,-142.75,-142.75,-142.75,-142.75,-142.75,-142.75,-142.75,-142.75,-142.75,-142.75,-142.75,-142.75,-142.75,-142.75,-142.75,-142.75,-142.75,-142.75,-142.75,-142.75,-142.75,-142.75,-142.75,-142.75,-142.75,-142.75,-142.75,-142.75,-142.75,-142.75,-142.75,-142.75,-142.75,-142.75,-142.75,-142.75,-142.75,-142.75,-142.75,-142.75,-142.75,-142.75,-142.75,-142.75,-142.75,-142.75,-142.75,-142.75,-142.75,-142.75,-142.75,-142.75,-142.75,-142.75,-142.75,-142.75,-142.75,-142.75,-142.75,-142.75,-142.75,-142.75,-142.75,-142.75,-142.75,-142.75,-142.75,-142.75,-142.75,-142.75,-142.75,-142.75,-142.75,-142.75,-142.75,-142.75,-142.75,-142.75,-142.75
-143.98,-143.98,-143.98,-143.98,-143.98,-143.98,-143.98,-143.98,-143.98,-143.98,-143.98,-143.98,-143.98,-143.98,-143.98,-143.98,-143.98,-143.98,-143.98,-143.98,-143.98,-143.98,-143.98,-143.98,-143.98,-143.98,-143.98,-143.98,-143.98,-143.98,-143.98,-143.98,-143.98,-143.98,-143.98,-143.98,-143.98,-143.98,-143.98,-143.98,-143.98,-143.98,-143.98,-143.98,-143.98,-143.98,-143.98,-143.98,-143.98,-143.98,-143.98,-143.98,-143.98,-143.98,-143.98,-143.98,-143.98,-143.98,-143.98,-143.98,-143.98,-143.98,-143.98,-143.98,-143.98,-143.98,-143.98,-143.98,-143.98,-143.98,-143.98,-143.98,-143.98,-143.98,-143.98,-143.98,-143.98,-143.98,-143.98,-143.98,-143.98,-143.98,-143.98,-143.98,-143.98,-143.98,-143.98,-143.98,-143.98,-143.98,-143.98,-143.98,-143.98,-143.98,-143.98,-143.98,-143.98,-143.98,-143.98,-143.98
-144.98,-144.98,-144.98,-144.98,-144.98,-144.98,-144.98,-144.98,-144.98,-144.98,-144.98,-144.98,-144.98,-144.98,-144.98,-144.98,-144.98,-144.98,-144.98,-144.98,-144.98,-144.98,-144.98,-144.98,-144.98,-144.98,-144.98,-144.98,-144.98,-144.98,-144.98,-144.98,-144.98,-144.98,-144.98,-144.98,-144.98,-144.98,-144.98,-144.98,-144.98,-144.98,-144.98,-144.98,-144.98,-144.98,-144.98,-144.98,-144.98,-144.98,-144.98,-144.98,-144.98,-144.98,-144.98,-144.98,-144.98,-144.98,-144.98,-144.98,-144.98,-144.98,-144.98,-144.98,-144.98,-144.98,-144.98,-144.98,-144.98,-144.98,-144.98,-144.98,-144.98,-144.98,-144.98,-144.98,-144.98,-144.98,-144.98,-144.98,-144.98,-144.98,-144.98,-144.98,-144.98,-144.98,-144.98,-144.98,-144.98,-144.98,-144.98,-144.98,-144.98,-144.98,-144.98,-144.98,-144.98,-144.98,-144.98,-144.98
-146.08,-146.08,-146.08,-146.08,-146.08,-146.08,-146.08,-146.08,-146.08,-146.08,-146.08,-146.08,-146.08,-146.08,-146.08,-146.08,-146.08,-146.08,-146.08,-146.08,-146.08,-146.08,-146.08,-146.08,-146.08,-146.08,-146.08,-146.08,-146.08,-146.08,-146.08,-146.08,-146.08,-146.08,-146.08,-146.08,-146.08,-146.08,-146.08,-146.08,-146.08,-146.08,-146.08,-146.08,-146.08,-146.08,-146.08,-146.08,-146.08,-146.08,-146.08,-146.08,-146.08,-146.08,-146.08,-146.08,-146.08,-146.08,-146.08,-146.08,-146.08,-146.08,-146.08,-146.08,-146.08,-146.08,-146.08,-146.08,-146.08,-146.08,-146.08,-146.08,-146.08,-146.08,-146.08,-146.08,-146.08,-146.08,-146.08,-146.08,-146.08,-146.08,-146.08,-146.08,-146.08,-146.08,-146.08,-146.08,-146.08,-146.08,-146.08,-146.08,-146.08,-146.08,-146.08,-146.08,-146.08,-146.08,-146.08,-146.08
-147.79,-147.79,-147.79,-147.79,-147.79,-147.79,-147.79,-147.79,-147.79,-147.79,-147.79,-147.79,-147.79,-147.79,-147.79,-147.79,-147.79,-147.79,-147.79,-147.79,-147.79,-147.79,-147.79,-147.79,-147.79,-147.79,-147.79,-147.79,-147.79,-147.79,-147.79,-147.79,-147.79,-147.79,-147.79,-147.79,-147.79,-147.79,-147.79,-147.79,-147.79,-147.79,-147.79,-147.79,-147.79,-147.79,-147.79,-147.79,-147.79,-147.79,-147.79,-147.79,-147.79,-147.79,-147.79,-147.79,-147.79,-147.79,-147.79,-147.79,-147.79,-147.79,-147.79,-147.79,-147.79,-147.79,-147.79,-147.79,-147.79,-147.79,-147.79,-147.79,-147.79,-147.79,-147.79,-147.79,-147.79,-147.79,-147.79,-147.79,-147.79,-147.79,-147.79,-147.79,-147.79,-147.79,-147.79,-147.79,-147.79,-147.79,-147.79,-147.79,-147.79,-147.79,-147.79,-147.79,-147.79,-147.79,-147.79,-147.79
-148.9,-148.9,-148.9,-148.9,-148.9,-148.9,-148.9,-148.9,-148.9,-148.9,-148.9,-148.9,-148.9,-148.9,-148.9,-148.9,-148.9,-148.9,-148.9,-148.9,-148.9,-148.9,-148.9,-148.9,-148.9,-148.9,-148.9,-148.9,-148.9,-148.9,-148.9,-148.9,-148.9,-148.9,-148.9,-148.9,-148.9,-148.9,-148.9,-148.9,-148.9,-148.9,-148.9,-148.9,-148.9,-148.9,-148.9,-148.9,-148.9,-148.9,-148.9,-148.9,-148.9,-148.9,-148.9,-148.9,-148.9,-148.9,-148.9,-148.9,-148.9,-148.9,-148.9,-148.9,-148.9,-148.9,-148.9,-148.9,-148.9,-148.9,-148.9,-148.9,-148.9,-148.9,-148.9,-148.9,-148.9,-148.9,-148.9,-148.9,-148.9,-148.9,-148.9,-148.9,-148.9,-148.9,-148.9,-148.9,-148.9,-148.9,-148.9,-148.9,-148.9,-148.9,-148.9,-148.9,-148.9,-148.9,-148.9,-148.9
-149.98,-149.98,-149.98,-149.98,-149.98,-149.98,-149.98,-149.98,-149.98,-149.98,-149.98,-149.98,-149.98,-149.98,-149.98,-149.98,-149.98,-149.98,-149.98,-149.98,-149.98,-149.98,-149.98,-149.98,-149.98,-149.98,-149.98,-149.98,-149.98,-149.98,-149.98,-149.98,-149.98,-149.98,-149.98,-149.98,-149.98,-149.98,-149.98,-149.98,-149.98,-149.98,-149.98,-149.98,-149.98,-149.98,-149.98,-149.98,-149.98,-149.98,-149.98,-149.98,-149.98,-149.98,-149.98,-149.98,-149.98,-149.98,-149.98,-149.98,-149.98,-149.98,-149.98,-149.98,-149.98,-149.98,-149.98,-149.98,-149.98,-149.98,-149.98,-149.98,-149.98,-149.98,-149.98,-149.98,-149.98,-149.98,-149.98,-149.98,-149.98,-149.98,-149.98,-149.98,-149.98,-149.98,-149.98,-149.98,-149.98,-149.98,-149.98,-149.98,-149.98,-149.98,-149.98,-149.98,-149.98,-149.98,-149.98,-149.98
-151.85,-151.85,-151.85,-151.85,-151.85,-151.85,-151.85,-151.85,-151.85,-151.85,-151.85,-151.85,-151.85,-151.85,-151.85,-151.85,-151.85,-151.85,-151.85,-151.85,-151.85,-151.85,-151.85,-151.85,-151.85,-151.85,-151.85,-151.85,-151.85,-151.85,-151.85,-151.85,-151.85,-151.85,-151.85,-151.85,-151.85,-151.85,-151.85,-151.85,-151.85,-151.85,-151.85,-151.85,-151.85,-151.85,-151.85,-151.85,-151.85,-151.85,-151.85,-151.85,-151.85,-151.85,-151.85,-151.85,-151.85,-151.85,-151.85,-151.85,-151.85,-151.85,-151.85,-151.85,-151.85,-151.85,-151.85,-151.85,-151.85,-151.85,-151.85,-151.85,-151.85,-151.85,-151.85,-151.85,-151.85,-151.85,-151.85,-151.85,-151.85,-151.85,-151.85,-151.85,-151.85,-151.85,-151.85,-151.85,-151.85,-151.85,-151.85,-151.85,-151.85,-151.85,-151.85,-151.85,-151.85,-151.85,-151.85,-151.85
-153.37,-153.37,-153.37,-153.37,-153.37,-153.37,-153.37,-153.37,-153.37,-153.37,-153.37,-153.37,-153.37,-153.37,-153.37,-153.37,-153.37,-153.37,-153.37,-153.37,-153.37,-153.37,-153.37,-153.37,-153.37,-153.37,-153.37,-153.37,-153.37,-153.37,-153.37,-153.37,-153.37,-153.37,-153.37,-153.37,-153.37,-153.37,-153.37,-153.37,-153.37,-153.37,-153.37,-153.37,-153.37,-153.37,-153.37,-153.37,-153.37,-153.37,-153.37,-153.37,-153.37,-153.37,-153.37,-153.37,-153.37,-153.37,-153.37,-153.37,-153.37,-153.37,-153.37,-153.37,-153.37,-153.37,-153.37,-153.37,-153.37,-153.37,-153.37,-153.37,-153.37,-153.37,-153.37,-153.37,-153.37,-153.37,-153.37,-153.37,-153.37,-153.37,-153.37,-153.37,-153.37,-153.37,-153.37,-153.37,-153.37,-153.37,-153.37,-153.37,-153.37,-153.37,-153.37,-153.37,-153.37,-153.37,-153.37,-153.37
-154.29,-154.29,-154.29,-154.29,-154.29,-154.29,-154.29,-154.29,-154.29,-154.29,-154.29,-154.29,-154.29,-154.29,-154.29,-154.29,-154.29,-154.29,-154.29,-154.29,-154.29,-154.29,-154.29,-154.29,-154.29,-154.29,-154.29,-154.29,-154.29,-154.29,-154.29,-154.29,-154.29,-154.29,-154.29,-154.29,-154.29,-154.29,-154.29,-154.29,-154.29,-154.29,-154.29,-154.29,-154.29,-154.29,-154.29,-154.29,-154.29,-154.29,-154.29,-154.29,-154.29,-154.29,-154.29,-154.29,-154.29,-154.29,-154.29,-154.29,-154.29,-154.29,-154.29,-154.29,-154.29,-154.29,-154.29,-154.29,-154.29,-154.29,-154.29,-154.29,-154.29,-154.29,-154.29,-154.29,-154.29,-154.29,-154.29,-154.29,-154.29,-154.29,-154.29,-154.29,-154.29,-154.29,-154.29,-154.29,-154.29,-154.29,-154.29,-154.29,-154.29,-154.29,-154.29,-154.29,-154.29,-154.29,-154.29,-154.29
-154.82,-154.82,-154.82,-154.82,-154.82,-154.82,-154.82,-154.82,-154.82,-154.82,-154.82,-154.82,-154.82,-154.82,-154.82,-154.82,-154.82,-154.82,-154.82,-154.82,-154.82,-154.82,-154.82,-154.82,-154.82,-154.82,-154.82,-154.82,-154.82,-154.82,-154.82,-154.82,-154.82,-154.82,-154.82,-154.82,-154.82,-154.82,-154.82,-154.82,-154.82,-154.82,-154.82,-154.82,-154.82,-154.82,-154.82,-154.82,-154.82,-154.82,-154.82,-154.82,-154.82,-154.82,-154.82,-154.82,-154.82,-154.82,-154.82,-154.82,-154.82,-154.82,-154.82,-154.82,-154.82,-154.82,-154.82,-154.82,-154.82,-154.82,-154.82,-154.82,-154.82,-154.82,-154.82,-154.82,-154.82,-154.82,-154.82,-154.82,-154.82,-154.82,-154.82,-154.82,-154.82,-154.82,-154.82,-154.82,-154.82,-154.82,-154.82,-154.82,-154.82,-154.82,-154.82,-154.82,-154.82,-154.82,-154.82,-154.82
-155.52,-155.52,-155.52,-155.52,-155.52,-155.52,-155.52,-155.52,-155.52,-155.52,-155.52,-155.52,-155.52,-155.52,-155.52,-155.52,-155.52,-155.52,-155.52,-155.52,-155.52,-155.52,-155.52,-155.52,-155.52,-155.52,-155.52,-155.52,-155.52,-155.52,-155.52,-155.52,-155.52,-155.52,-155.52,-155.52,-155.52,-155.52,-155.52,-155.52,-155.52,-155.52,-155.52,-155.52,-155.52,-155.52,-155.52,-155.52,-155.52,-155.52,-155.52,-155.52,-155.52,-155.52,-155.52,-155.52,-155.52,-155.52,-155.52,-155.52,-155.52,-155.52,-155.52,-155.52,-155.52,-155.52,-155.52,-155.52,-155.52,-155.52,-155.52,-155.52,-155.52,-155.52,-155.52,-155.52,-155.52,-155.52,-155.52,-155.52,-155.52,-155.52,-155.52,-155.52,-155.52,-155.52,-155.52,-155.52,-155.52,-155.52,-155.52,-155.52,-155.52,-155.52,-155.52,-155.52,-155.52,-155.52,-155.52,-155.52
-156.75,-156.75,-156.75,-156.75,-156.75,-156.75,-156.75,-156.75,-156.75,-156.75,-156.75,-156.75,-156.75,-156.75,-156.75,-156.75,-156.75,-156.75,-156.75,-156.75,-156.75,-156.75,-156.75,-156.75,-156.75,-156.75,-156.75,-156.75,-156.75,-156.75,-156.75,-156.75,-156.75,-156.75,-156.75,-156.75,-156.75,-156.75,-156.75,-156.75,-156.75,-156.75,-156.75,-156.75,-156.75,-156.75,-156.75,-156.75,-156.75,-156.75,-156.75,-156.75,-156.75,-156.75,-156.75,-156.75,-156.75,-156.75,-156.75,-156.75,-156.75,-156.75,-156.75,-156.75,-156.75,-156.75,-156.75,-156.75,-156.75,-156.75,-156.75,-156.75,-156.75,-156.75,-156.75,-156.75,-156.75,-156.75,-156.75,-156.75,-156.75,-156.75,-156.75,-156.75,-156.75,-156.75,-156.75,-156.75,-156.75,-156.75,-156.75,-156.75,-156.75,-156.75,-156.75,-156.75,-156.75,-156.75,-156.75,-156.75
-157.81,-157.81,-157.81,-157.81,-157.81,-157.81,-157.81,-157.81,-157.81,-157.81,-157.81,-157.81,-157.81,-157.81,-157.81,-157.81,-157.81,-157.81,-157.81,-157.81,-157.81,-157.81,-157.81,-157.81,-157.81,-157.81,-157.81,-157.81,-157.81,-157.81,-157.81,-157.81,-157.81,-157.81,-157.81,-157.81,-157.81,-157.81,-157.81,-157.81,-157.81,-157.81,-157.81,-157.81,-157.81,-157.81,-157.81,-157.81,-157.81,-157.81,-157.81,-157.81,-157.81,-157.81,-157.81,-157.81,-157.81,-157.81,-157.81,-157.81,-157.81,-157.81,-157.81,-157.81,-157.81,-157.81,-157.81,-157.81,-157.81,-157.81,-157.81,-157.81,-157.81,-157.81,-157.81,-157.81,-157.81,-157.81,-157.81,-157.81,-157.81,-157.81,-157.81,-157.81,-157.81,-157.81,-157.81,-157.81,-157.81,-157.81,-157.81,-157.81,-157.81,-157.81,-157.81,-157.81,-157.81,-157.81,-157.81,-157.81
-158.17,-158.17,-158.17,-158.17,-158.17,-158.17,-158.17,-158.17,-158.17,-158.17,-158.17,-158.17,-158.17,-158.17,-158.17,-158.17,-158.17,-158.17,-158.17,-158.17,-158.17,-158.17,-158.17,-158.17,-158.17,-158.17,-158.17,-158.17,-158.17,-158.17,-158.17,-158.17,-158.17,-158.17,-158.17,-158.17,-158.17,-158.17,-158.17,-158.17,-158.17,-158.17,-158.17,-158.17,-158.17,-158.17,-158.17,-158.17,-158.17,-158.17,-158.17,-158.17,-158.17,-158.17,-158.17,-158.17,-158.17,-158.17,-158.17,-158.17,-158.17,-158.17,-158.17,-158.17,-158.17,-158.17,-158.17,-158.17,-158.17,-158.17,-158.17,-158.17,-158.17,-158.17,-158.17,-158.17,-158.17,-158.17,-158.17,-158.17,-158.17,-158.17,-158.17,-158.17,-158.17,-158.17,-158.17,-158.17,-158.17,-158.17,-158.17,-158.17,-158.17,-158.17,-158.17,-158.17,-158.17,-158.17,-158.17,-158.17
-159.48,-159.48,-159.48,-159.48,-159.48,-159.48,-159.48,-159.48,-159.48,-159.48,-159.48,-159.48,-159.48,-159.48,-159.48,-159.48,-159.48,-159.48,-159.48,-159.48,-159.48,-159.48,-159.48,-159.48,-159.48,-159.48,-159.48,-159.48,-159.48,-159.48,-159.48,-159.48,-159.48,-159.48,-159.48,-159.48,-159.48,-159.48,-159.48,-159.48,-159.48,-159.48,-159.48,-159.48,-159.48,-159.48,-159.48,-159.48,-159.48,-159.48,-159.48,-159.48,-159.48,-159.48,-159.48,-159.48,-159.48,-159.48,-159.48,-159.48,-159.48,-159.48,-159.48,-159.48,-159.48,-159.48,-159.48,-159.48,-159.48,-159.48,-159.48,-159.48,-159.48,-159.48,-159.48,-159.48,-159.48,-159.48,-159.48,-159.48,-159.48,-159.48,-159.48,-159.48,-159.48,-159.48,-159.48,-159.48,-159.48,-159.48,-159.48,-159.48,-159.48,-159.48,-159.48,-159.48,-159.48,-159.48,-159.48,-159.48
-160.64,-160.64,-160.64,-160.64,-160.64,-160.64,-160.64,-160.64,-160.64,-160.64,-160.64,-160.64,-160.64,-160.64,-160.64,-160.64,-160.64,-160.64,-160.64,-160.64,-160.64,-160.64,-160.64,-160.64,-160.64,-160.64,-160.64,-160.64,-160.64,-160.64,-160.64,-160.64,-160.64,-160.64,-160.64,-160.64,-160.64,-160.64,-160.64,-160.64,-160.64,-160.64,-160.64,-160.64,-160.64,-160.64,-160.64,-160.64,-160.64,-160.64,-160.64,-160.64,-160.64,-160.64,-160.64,-160.64,-160.64,-160.64,-160.64,-160.64,-160.64,-160.64,-160.64,-160.64,-160.64,-160.64,-160.64,-160.64,-160.64,-160.64,-160.64,-160.64,-160.64,-160.64,-160.64,-160.64,-160.64,-160.64,-160.64,-160.64,-160.64,-160.64,-160.64,-160.64,-160.64,-160.64,-160.64,-160.64,-160.64,-160.64,-160.64,-160.64,-160.64,-160.64,-160.64,-160.64,-160.64,-160.64,-160.64,-160.64
-162.49,-162.49,-162.49,-162.49,-162.49,-162.49,-162.49,-162.49,-162.49,-162.49,-162.49,-162.49,-162.49,-162.49,-162.49,-162.49,-162.49,-162.49,-162.49,-162.49,-162.49,-162.49,-162.49,-162.49,-162.49,-162.49,-162.49,-162.49,-162.49,-162.49,-162.49,-162.49,-162.49,-162.49,-162.49,-162.49,-162.49,-162.49,-162.49,-162.49,-162.49,-162.49,-162.49,-162.49,-162.49,-162.49,-162.49,-162.49,-162.49,-162.49,-162.49,-162.49,-162.49,-162.49,-162.49,-162.49,-162.49,-162.49,-162.49,-162.49,-162.49,-162.49,-162.49,-162.49,-162.49,-162.49,-162.49,-162.49,-162.49,-162.49,-162.49,-162.49,-162.49,-162.49,-162.49,-162.49,-162.49,-162.49,-162.49,-162.49,-162.49,-162.49,-162.49,-162.49,-162.49,-162.49,-162.49,-162.49,-162.49,-162.49,-162.49,-162.49,-162.49,-162.49,-162.49,-162.49,-162.49,-162.49,-162.49,-162.49
-164.6,-164.6,-164.6,-164.6,-164.6,-164.6,-164.6,-164.6,-164.6,-164.6,-164.6,-164.6,-164.6,-164.6,-164.6,-164.6,-164.6,-164.6,-164.6,-164.6,-164.6,-164.6,-164.6,-164.6,-164.6,-164.6,-164.6,-164.6,-164.6,-164.6,-164.6,-164.6,-164.6,-164.6,-164.6,-164.6,-164.6,-164.6,-164.6,-164.6,-164.6,-164.6,-164.6,-164.6,-164.6,-164.6,-164.6,-164.6,-164.6,-164.6,-164.6,-164.6,-164.6,-164.6,-164.6,-164.6,-164.6,-164.6,-164.6,-164.6,-164.6,-164.6,-164.6,-164.6,-164.6,-164.6,-164.6,-164.6,-164.6,-164.6,-164.6,-164.6,-164.6,-164.6,-164.6,-164.6,-164.6,-164.6,-164.6,-164.6,-164.6,-164.6,-164.6,-164.6,-164.6,-164.6,-164.6,-164.6,-164.6,-164.6,-164.6,-164.6,-164.6,-164.6,-164.6,-164.6,-164.6,-164.6,-164.6,-164.6
-165.83,-165.83,-165.83,-165.83,-165.83,-165.83,-165.83,-165.83,-165.83,-165.83,-165.83,-165.83,-165.83,-165.83,-165.83,-165.83,-165.83,-165.83,-165.83,-165.83,-165.83,-165.83,-165.83,-165.83,-165.83,-165.83,-165.83,-165.83,-165.83,-165.83,-165.83,-165.83,-165.83,-165.83,-165.83,-165.83,-165.83,-165.83,-165.83,-165.83,-165.83,-165.83,-165.83,-165.83,-165.83,-165.83,-165.83,-165.83,-165.83,-165.83,-165.83,-165.83,-165.83,-165.83,-165.83,-165.83,-165.83,-165.83,-165.83,-165.83,-165.83,-165.83,-165.83,-165.83,-165.83,-165.83,-165.83,-165.83,-165.83,-165.83,-165.83,-165.83,-165.83,-165.83,-165.83,-165.83,-165.83,-165.83,-165.83,-165.83,-165.83,-165.83,-165.83,-165.83,-165.83,-165.83,-165.83,-165.83,-165.83,-165.83,-165.83,-165.83,-165.83,-165.83,-165.83,-165.83,-165.83,-165.83,-165.83,-165.83
-166.8,-166.8,-166.8,-166.8,-166.8,-166.8,-166.8,-166.8,-166.8,-166.8,-166.8,-166.8,-166.8,-166.8,-166.8,-166.8,-166.8,-166.8,-166.8,-166.8,-166.8,-166.8,-166.8,-166.8,-166.8,-166.8,-166.8,-166.8,-166.8,-166.8,-166.8,-166.8,-166.8,-166.8,-166.8,-166.8,-166.8,-166.8,-166.8,-166.8,-166.8,-166.8,-166.8,-166.8,-166.8,-166.8,-166.8,-166.8,-166.8,-166.8,-166.8,-166.8,-166.8,-166.8,-166.8,-166.8,-166.8,-166.8,-166.8,-166.8,-166.8,-166.8,-166.8,-166.8,-166.8,-166.8,-166.8,-166.8,-166.8,-166.8,-166.8,-166.8,-166.8,-166.8,-166.8,-166.8,-166.8,-166.8,-166.8,-166.8,-166.8,-166.8,-166.8,-166.8,-166.8,-166.8,-166.8,-166.8,-166.8,-166.8,-166.8,-166.8,-166.8,-166.8,-166.8,-166.8,-166.8,-166.8,-166.8,-166.8
-167.95,-167.95,-167.95,-167.95,-167.95,-167.95,-167.95,-167.95,-167.95,-167.95,-167.95,-167.95,-167.95,-167.95,-167.95,-167.95,-167.95,-167.95,-167.95,-167.95,-167.95,-167.95,-167.95,-167.95,-167.95,-167.95,-167.95,-167.95,-167.95,-167.95,-167.95,-167.95,-167.95,-167.95,-167.95,-167.95,-167.95,-167.95,-167.95,-167.95,-167.95,-167.95,-167.95,-167.95,-167.95,-167.95,-167.95,-167.95,-167.95,-167.95,-167.95,-167.95,-167.95,-167.95,-167.95,-167.95,-167.95,-167.95,-167.95,-167.95,-167.95,-167.95,-167.95,-167.95,-167.95,-167.95,-167.95,-167.95,-167.95,-167.95,-167.95,-167.95,-167.95,-167.95,-167.95,-167.95,-167.95,-167.95,-167.95,-167.95,-167.95,-167.95,-167.95,-167.95,-167.95,-167.95,-167.95,-167.95,-167.95,-167.95,-167.95,-167.95,-167.95,-167.95,-167.95,-167.95,-167.95,-167.95,-167.95,-167.95
-168.64,-168.64,-168.64,-168.64,-168.64,-168.64,-168.64,-168.64,-168.64,-168.64,-168.64,-168.64,-168.64,-168.64,-168.64,-168.64,-168.64,-168.64,-168.64,-168.64,-168.64,-168.64,-168.64,-168.64,-168.64,-168.64,-168.64,-168.64,-168.64,-168.64,-168.64,-168.64,-168.64,-168.64,-168.64,-168.64,-168.64,-168.64,-168.64,-168.64,-168.64,-168.64,-168.64,-168.64,-168.64,-168.64,-168.64,-168.64,-168.64,-168.64,-168.64,-168.64,-168.64,-168.64,-168.64,-168.64,-168.64,-168.64,-168.64,-168.64,-168.64,-168.64,-168.64,-168.64,-168.64,-168.64,-168.64,-168.64,-168.64,-168.64,-168.64,-168.64,-168.64,-168.64,-168.64,-168.64,-168.64,-168.64,-168.64,-168.64,-168.64,-168.64,-168.64,-168.64,-168.64,-168.64,-168.64,-168.64,-168.64,-168.64,-168.64,-168.64,-168.64,-168.64,-168.64,-168.64,-168.64,-168.64,-168.64,-168.64
-170.29,-170.29,-170.29,-170.29,-170.29,-170.29,-170.29,-170.29,-170.29,-170.29,-170.29,-170.29,-170.29,-170.29,-170.29,-170.29,-170.29,-170.29,-170.29,-170.29,-170.29,-170.29,-170.29,-170.29,-170.29,-170.29,-170.29,-170.29,-170.29,-170.29,-170.29,-170.29,-170.29,-170.29,-170.29,-170.29,-170.29,-170.29,-170.29,-170.29,-170.29,-170.29,-170.29,-170.29,-170.29,-170.29,-170.29,-170.29,-170.29,-170.29,-170.29,-170.29,-170.29,-170.29,-170.29,-170.29,-170.29,-170.29,-170.29,-170.29,-170.29,-170.29,-170.29,-170.29,-170.29,-170.29,-170.29,-170.29,-170.29,-170.29,-170.29,-170.29,-170.29,-170.29,-170.29,-170.29,-170.29,-170.29,-170.29,-170.29,-170.29,-170.29,-170.29,-170.29,-170.29,-170.29,-170.29,-170.29,-170.29,-170.29,-170.29,-170.29,-170.29,-170.29,-170.29,-170.29,-170.29,-170.29,-170.29,-170.29
-173.02,-173.02,-173.02,-173.02,-173.02,-173.02,-173.02,-173.02,-173.02,-173.02,-173.02,-173.02,-173.02,-173.02,-173.02,-173.02,-173.02,-173.02,-173.02,-173.02,-173.02,-173.02,-173.02,-173.02,-173.02,-173.02,-173.02,-173.02,-173.02,-173.02,-173.02,-173.02,-173.02,-173.02,-173.02,-173.02,-173.02,-173.02,-173.02,-173.02,-173.02,-173.02,-173.02,-173.02,-173.02,-173.02,-173.02,-173.02,-173.02,-173.02,-173.02,-173.02,-173.02,-173.02,-173.02,-173.02,-173.02,-173.02,-173.02,-173.02,-173.02,-173.02,-173.02,-173.02,-173.02,-173.02,-173.02,-173.02,-173.02,-173.02,-173.02,-173.02,-173.02,-173.02,-173.02,-173.02,-173.02,-173.02,-173.02,-173.02,-173.02,-173.02,-173.02,-173.02,-173.02,-173.02,-173.02,-173.02,-173.02,-173.02,-173.02,-173.02,-173.02,-173.02,-173.02,-173.02,-173.02,-173.02,-173.02,-173.02
-175.02,-175.02,-175.02,-175.02,-175.02,-175.02,-175.02,-175.02,-175.02,-175.02,-175.02,-175.02,-175.02,-175.02,-175.02,-175.02,-175.02,-175.02,-175.02,-175.02,-175.02,-175.02,-175.02,-175.02,-175.02,-175.02,-175.02,-175.02,-175.02,-175.02,-175.02,-175.02,-175.02,-175.02,-175.02,-175.02,-175.02,-175.02,-175.02,-175.02,-175.02,-175.02,-175.02,-175.02,-175.02,-175.02,-175.02,-175.02,-175.02,-175.02,-175.02,-175.02,-175.02,-175.02,-175.02,-175.02,-175.02,-175.02,-175.02,-175.02,-175.02,-175.02,-175.02,-175.02,-175.02,-175.02,-175.02,-175.02,-175.02,-175.02,-175.02,-175.02,-175.02,-175.02,-175.02,-175.02,-175.02,-175.02,-175.02,-175.02,-175.02,-175.02,-175.02,-175.02,-175.02,-175.02,-175.02,-175.02,-175.02,-175.02,-175.02,-175.02,-175.02,-175.02,-175.02,-175.02,-175.02,-175.02,-175.02,-175.02
-176.52,-176.52,-176.52,-176.52,-176.52,-176.52,-176.52,-176.52,-176.52,-176.52,-176.52,-176.52,-176.52,-176.52,-176.52,-176.52,-176.52,-176.52,-176.52,-176.52,-176.52,-176.52,-176.52,-176.52,-176.52,-176.52,-176.52,-176.52,-176.52,-176.52,-176.52,-176.52,-176.52,-176.52,-176.52,-176.52,-176.52,-176.52,-176.52,-176.52,-176.52,-176.52,-176.52,-176.52,-176.52,-176.52,-176.52,-176.52,-176.52,-176.52,-176.52,-176.52,-176.52,-176.52,-176.52,-176.52,-176.52,-176.52,-176.52,-176.52,-176.52,-176.52,-176.52,-176.52,-176.52,-176.52,-176.52,-176.52,-176.52,-176.52,-176.52,-176.52,-176.52,-176.52,-176.52,-176.52,-176.52,-176.52,-176.52,-176.52,-176.52,-176.52,-176.52,-176.52,-176.52,-176.52,-176.52,-176.52,-176.52,-176.52,-176.52,-176.52,-176.52,-176.52,-176.52,-176.52,-176.52,-176.52,-176.52,-176.52
-178.37,-178.37,-178.37,-178.37,-178.37,-178.37,-178.37,-178.37,-178.37,-178.37,-178.37,-178.37,-178.37,-178.37,-178.37,-178.37,-178.37,-178.37,-178.37,-178.37,-178.37,-178.37,-178.37,-178.37,-178.37,-178.37,-178.37,-178.37,-178.37,-178.37,-178.37,-178.37,-178.37,-178.37,-178.37,-178.37,-178.37,-178.37,-178.37,-178.37,-178.37,-178.37,-178.37,-178.37,-178.37,-178.37,-178.37,-178.37,-178.37,-178.37,-178.37,-178.37,-178.37,-178.37,-178.37,-178.37,-178.37,-178.37,-178.37,-178.37,-178.37,-178.37,-178.37,-178.37,-178.37,-178.37,-178.37,-178.37,-178.37,-178.37,-178.37,-178.37,-178.37,-178.37,-178.37,-178.37,-178.37,-178.37,-178.37,-178.37,-178.37,-178.37,-178.37,-178.37,-178.37,-178.37,-178.37,-178.37,-178.37,-178.37,-178.37,-178.37,-178.37,-178.37,-178.37,-178.37,-178.37,-178.37,-178.37,-178.37
-179.89,-179.89,-179.89,-179.89,-179.89,-179.89,-179.89,-179.89,-179.89,-179.89,-179.89,-179.89,-179.89,-179.89,-179.89,-179.89,-179.89,-179.89,-179.89,-179.89,-179.89,-179.89,-179.89,-179.89,-179.89,-179.89,-179.89,-179.89,-179.89,-179.89,-179.89,-179.89,-179.89,-179.89,-179.89,-179.89,-179.89,-179.89,-179.89,-179.89,-179.89,-179.89,-179.89,-179.89,-179.89,-179.89,-179.89,-179.89,-179.89,-179.89,-179.89,-179.89,-179.89,-179.89,-179.89,-179.89,-179.89,-179.89,-179.89,-179.89,-179.89,-179.89,-179.89,-179.89,-179.89,-179.89,-179.89,-179.89,-179.89,-179.89,-179.89,-179.89,-179.89,-179.89,-179.89,-179.89,-179.89,-179.89,-179.89,-179.89,-179.89,-179.89,-179.89,-179.89,-179.89,-179.89,-179.89,-179.89,-179.89,-179.89,-179.89,-179.89,-179.89,-179.89,-179.89,-179.89,-179.89,-179.89,-179.89,-179.89
-181.19,-181.19,-181.19,-181.19,-181.19,-181.19,-181.19,-181.19,-181.19,-181.19,-181.19,-181.19,-181.19,-181.19,-181.19,-181.19,-181.19,-181.19,-181.19,-181.19,-181.19,-181.19,-181.19,-181.19,-181.19,-181.19,-181.19,-181.19,-181.19,-181.19,-181.19,-181.19,-181.19,-181.19,-181.19,-181.19,-181.19,-181.19,-181.19,-181.19,-181.19,-181.19,-181.19,-181.19,-181.19,-181.19,-181.19,-181.19,-181.19,-181.19,-181.19,-181.19,-181.19,-181.19,-181.19,-181.19,-181.19,-181.19,-181.19,-181.19,-181.19,-181.19,-181.19,-181.19,-181.19,-181.19,-181.19,-181.19,-181.19,-181.19,-181.19,-181.19,-181.19,-181.19,-181.19,-181.19,-181.19,-181.19,-181.19,-181.19,-181.19,-181.19,-181.19,-181.19,-181.19,-181.19,-181.19,-181.19,-181.19,-181.19,-181.19,-181.19,-181.19,-181.19,-181.19,-181.19,-181.19,-181.19,-181.19,-181.19
-181.82,-181.82,-181.82,-181.82,-181.82,-181.82,-181.82,-181.82,-181.82,-181.82,-181.82,-181.82,-181.82,-181.82,-181.82,-181.82,-181.82,-181.82,-181.82,-181.82,-181.82,-181.82,-181.82,-181.82,-181.82,-181.82,-181.82,-181.82,-181.82,-181.82,-181.82,-181.82,-181.82,-181.82,-181.82,-181.82,-181.82,-181.82,-181.82,-181.82,-181.82,-181.82,-181.82,-181.82,-181.82,-181.82,-181.82,-181.82,-181.82,-181.82,-181.82,-181.82,-181.82,-181.82,-181.82,-181.82,-181.82,-181.82,-181.82,-181.82,-181.82,-181.82,-181.82,-181.82,-181.82,-181.82,-181.82,-181.82,-181.82,-181.82,-181.82,-181.82,-181.82,-181.82,-181.82,-181.82,-181.82,-181.82,-181.82,-181.82,-181.82,-181.82,-181.82,-181.82,-181.82,-181.82,-181.82,-181.82,-181.82,-181.82,-181.82,-181.82,-181.82,-181.82,-181.82,-181.82,-181.82,-181.82,-181.82,-181.82
-182.7,-182.7,-182.7,-182.7,-182.7,-182.7,-182.7,-182.7,-182.7,-182.7,-182.7,-182.7,-182.7,-182.7,-182.7,-182.7,-182.7,-182.7,-182.7,-182.7,-182.7,-182.7,-182.7,-182.7,-182.7,-182.7,-182.7,-182.7,-182.7,-182.7,-182.7,-182.7,-182.7,-182.7,-182.7,-182.7,-182.7,-182.7,-182.7,-182.7,-182.7,-182.7,-182.7,-182.7,-182.7,-182.7,-182.7,-182.7,-182.7,-182.7,-182.7,-182.7,-182.7,-182.7,-182.7,-182.7,-182.7,-182.7,-182.7,-182.7,-182.7,-182.7,-182.7,-182.7,-182.7,-182.7,-182.7,-182.7,-182.7,-182.7,-182.7,-182.7,-182.7,-182.7,-182.7,-182.7,-182.7,-182.7,-182.7,-182.7,-182.7,-182.7,-182.7,-182.7,-182.7,-182.7,-182.7,-182.7,-182.7,-182.7,-182.7,-182.7,-182.7,-182.7,-182.7,-182.7,-182.7,-182.7,-182.7,-182.7
-183.41,-183.41,-183.41,-183.41,-183.41,-183.41,-183.41,-183.41,-183.41,-183.41,-183.41,-183.41,-183.41,-183.41,-183.41,-183.41,-183.41,-183.41,-183.41,-183.41,-183.41,-183.41,-183.41,-183.41,-183.41,-183.41,-183.41,-183.41,-183.41,-183.41,-183.41,-183.41,-183.41,-183.41,-183.41,-183.41,-183.41,-183.41,-183.41,-183.41,-183.41,-183.41,-183.41,-183.41,-183.41,-183.41,-183.41,-183.41,-183.41,-183.41,-183.41,-183.41,-183.41,-183.41,-183.41,-183.41,-183.41,-183.41,-183.41,-183.41,-183.41,-183.41,-183.41,-183.41,-183.41,-183.41,-183.41,-183.41,-183.41,-183.41,-183.41,-183.41,-183.41,-183.41,-183.41,-183.41,-183.41,-183.41,-183.41,-183.41,-183.41,-183.41,-183.41,-183.41,-183.41,-183.41,-183.41,-183.41,-183.41,-183.41,-183.41,-183.41,-183.41,-183.41,-183.41,-183.41,-183.41,-183.41,-183.41,-183.41
-184.06,-184.06,-184.06,-184.06,-184.06,-184.06,-184.06,-184.06,-184.06,-184.06,-184.06,-184.06,-184.06,-184.06,-184.06,-184.06,-184.06,-184.06,-184.06,-184.06,-184.06,-184.06,-184.06,-184.06,-184.06,-184.06,-184.06,-184.06,-184.06,-184.06,-184.06,-184.06,-184.06,-184.06,-184.06,-184.06,-184.06,-184.06,-184.06,-184.06,-184.06,-184.06,-184.06,-184.06,-184.06,-184.06,-184.06,-184.06,-184.06,-184.06,-184.06,-184.06,-184.06,-184.06,-184.06,-184.06,-184.06,-184.06,-184.06,-184.06,-184.06,-184.06,-184.06,-184.06,-184.06,-184.06,-184.06,-184.06,-184.06,-184.06,-184.06,-184.06,-184.06,-184.06,-184.06,-184.06,-184.06,-184.06,-184.06,-184.06,-184.06,-184.06,-184.06,-184.06,-184.06,-184.06,-184.06,-184.06,-184.06,-184.06,-184.06,-184.06,-184.06,-184.06,-184.06,-184.06,-184.06,-184.06,-184.06,-184.06
-185.04,-185.04,-185.04,-185.04,-185.04,-185.04,-185.04,-185.04,-185.04,-185.04,-185.04,-185.04,-185.04,-185.04,-185.04,-185.04,-185.04,-185.04,-185.04,-185.04,-185.04,-185.04,-185.04,-185.04,-185.04,-185.04,-185.04,-185.04,-185.04,-185.04,-185.04,-185.04,-185.04,-185.04,-185.04,-185.04,-185.04,-185.04,-185.04,-185.04,-185.04,-185.04,-185.04,-185.04,-185.04,-185.04,-185.04,-185.04,-185.04,-185.04,-185.04,-185.04,-185.04,-185.04,-185.04,-185.04,-185.04,-185.04,-185.04,-185.04,-185.04,-185.04,-185.04,-185.04,-185.04,-185.04,-185.04,-185.04,-185.04,-185.04,-185.04,-185.04,-185.04,-185.04,-185.04,-185.04,-185.04,-185.04,-185.04,-185.04,-185.04,-185.04,-185.04,-185.04,-185.04,-185.04,-185.04,-185.04,-185.04,-185.04,-185.04,-185.04,-185.04,-185.04,-185.04,-185.04,-185.04,-185.04,-185.04,-185.04
-186.16,-186.16,-186.16,-186.16,-186.16,-186.16,-186.16,-186.16,-186.16,-186.16,-186.16,-186.16,-186.16,-186.16,-186.16,-186.16,-186.16,-186.16,-186.16,-186.16,-186.16,-186.16,-186.16,-186.16,-186.16,-186.16,-186.16,-186.16,-186.16,-186.16,-186.16,-186.16,-186.16,-186.16,-186.16,-186.16,-186.16,-186.16,-186.16,-186.16,-186.16,-186.16,-186.16,-186.16,-186.16,-186.16,-186.16,-186.16,-186.16,-186.16,-186.16,-186.16,-186.16,-186.16,-186.16,-186.16,-186.16,-186.16,-186.16,-186.16,-186.16,-186.16,-186.16,-186.16,-186.16,-186.16,-186.16,-186.16,-186.16,-186.16,-186.16,-186.16,-186.16,-186.16,-186.16,-186.16,-186.16,-186.16,-186.16,-186.16,-186.16,-186.16,-186.16,-186.16,-186.16,-186.16,-186.16,-186.16,-186.16,-186.16,-186.16,-186.16,-186.16,-186.16,-186.16,-186.16,-186.16,-186.16,-186.16,-186.16
-188.28,-188.28,-188.28,-188.28,-188.28,-188.28,-188.28,-188.28,-188.28,-188.28,-188.28,-188.28,-188.28,-188.28,-188.28,-188.28,-188.28,-188.28,-188.28,-188.28,-188.28,-188.28,-188.28,-188.28,-188.28,-188.28,-188.28,-188.28,-188.28,-188.28,-188.28,-188.28,-188.28,-188.28,-188.28,-188.28,-188.28,-188.28,-188.28,-188.28,-188.28,-188.28,-188.28,-188.28,-188.28,-188.28,-188.28,-188.28,-188.28,-188.28,-188.28,-188.28,-188.28,-188.28,-188.28,-188.28,-188.28,-188.28,-188.28,-188.28,-188.28,-188.28,-188.28,-188.28,-188.28,-188.28,-188.28,-188.28,-188.28,-188.28,-188.28,-188.28,-188.28,-188.28,-188.28,-188.28,-188.28,-188.28,-188.28,-188.28,-188.28,-188.28,-188.28,-188.28,-188.28,-188.28,-188.28,-188.28,-188.28,-188.28,-188.28,-188.28,-188.28,-188.28,-188.28,-188.28,-188.28,-188.28,-188.28,-188.28
-191.77,-191.77,-191.77,-191.77,-191.77,-191.77,-191.77,-191.77,-191.77,-191.77,-191.77,-191.77,-191.77,-191.77,-191.77,-191.77,-191.77,-191.77,-191.77,-191.77,-191.77,-191.77,-191.77,-191.77,-191.77,-191.77,-191.77,-191.77,-191.77,-191.77,-191.77,-191.77,-191.77,-191.77,-191.77,-191.77,-191.77,-191.77,-191.77,-191.77,-191.77,-191.77,-191.77,-191.77,-191.77,-191.77,-191.77,-191.77,-191.77,-191.77,-191.77,-191.77,-191.77,-191.77,-191.77,-191.77,-191.77,-191.77,-191.77,-191.77,-191.77,-191.77,-191.77,-191.77,-191.77,-191.77,-191.77,-191.77,-191.77,-191.77,-191.77,-191.77,-191.77,-191.77,-191.77,-191.77,-191.77,-191.77,-191.77,-191.77,-191.77,-191.77,-191.77,-191.77,-191.77,-191.77,-191.77,-191.77,-191.77,-191.77,-191.77,-191.77,-191.77,-191.77,-191.77,-191.77,-191.77,-191.77,-191.77,-191.77
-194.93,-194.93,-194.93,-194.93,-194.93,-194.93,-194.93,-194.93,-194.93,-194.93,-194.93,-194.93,-194.93,-194.93,-194.93,-194.93,-194.93,-194.93,-194.93,-194.93,-194.93,-194.93,-194.93,-194.93,-194.93,-194.93,-194.93,-194.93,-194.93,-194.93,-194.93,-194.93,-194.93,-194.93,-194.93,-194.93,-194.93,-194.93,-194.93,-194.93,-194.93,-194.93,-194.93,-194.93,-194.93,-194.93,-194.93,-194.93,-194.93,-194.93,-194.93,-194.93,-194.93,-194.93,-194.93,-194.93,-194.93,-194.93,-194.93,-194.93,-194.93,-194.93,-194.93,-194.93,-194.93,-194.93,-194.93,-194.93,-194.93,-194.93,-194.93,-194.93,-194.93,-194.93,-194.93,-194.93,-194.93,-194.93,-194.93,-194.93,-194.93,-194.93,-194.93,-194.93,-194.93,-194.93,-194.93,-194.93,-194.93,-194.93,-194.93,-194.93,-194.93,-194.93,-194.93,-194.93,-194.93,-194.93,-194.93,-194.93
-196.97,-196.97,-196.97,-196.97,-196.97,-196.97,-196.97,-196.97,-196.97,-196.97,-196.97,-196.97,-196.97,-196.97,-196.97,-196.97,-196.97,-196.97,-196.97,-196.97,-196.97,-196.97,-196.97,-196.97,-196.97,-196.97,-196.97,-196.97,-196.97,-196.97,-196.97,-196.97,-196.97,-196.97,-196.97,-196.97,-196.97,-196.97,-196.97,-196.97,-196.97,-196.97,-196.97,-196.97,-196.97,-196.97,-196.97,-196.97,-196.97,-196.97,-196.97,-196.97,-196.97,-196.97,-196.97,-196.97,-196.97,-196.97,-196.97,-196.97,-196.97,-196.97,-196.97,-196.97,-196.97,-196.97,-196.97,-196.97,-196.97,-196.97,-196.97,-196.97,-196.97,-196.97,-196.97,-196.97,-196.97,-196.97,-196.97,-196.97,-196.97,-196.97,-196.97,-196.97,-196.97,-196.97,-196.97,-196.97,-196.97,-196.97,-196.97,-196.97,-196.97,-196.97,-196.97,-196.97,-196.97,-196.97,-196.97,-196.97
-198.63,-198.63,-198.63,-198.63,-198.63,-198.63,-198.63,-198.63,-198.63,-198.63,-198.63,-198.63,-198.63,-198.63,-198.63,-198.63,-198.63,-198.63,-198.63,-198.63,-198.63,-198.63,-198.63,-198.63,-198.63,-198.63,-198.63,-198.63,-198.63,-198.63,-198.63,-198.63,-198.63,-198.63,-198.63,-198.63,-198.63,-198.63,-198.63,-198.63,-198.63,-198.63,-198.63,-198.63,-198.63,-198.63,-198.63,-198.63,-198.63,-198.63,-198.63,-198.63,-198.63,-198.63,-198.63,-198.63,-198.63,-198.63,-198.63,-198.63,-198.63,-198.63,-198.63,-198.63,-198.63,-198.63,-198.63,-198.63,-198.63,-198.63,-198.63,-198.63,-198.63,-198.63,-198.63,-198.63,-198.63,-198.63,-198.63,-198.63,-198.63,-198.63,-198.63,-198.63,-198.63,-198.63,-198.63,-198.63,-198.63,-198.63,-198.63,-198.63,-198.63,-198.63,-198.63,-198.63,-198.63,-198.63,-198.63,-198.63
-199.34,-199.34,-199.34,-199.34,-199.34,-199.34,-199.34,-199.34,-199.34,-199.34,-199.34,-199.34,-199.34,-199.34,-199.34,-199.34,-199.34,-199.34,-199.34,-199.34,-199.34,-199.34,-199.34,-199.34,-199.34,-199.34,-199.34,-199.34,-199.34,-199.34,-199.34,-199.34,-199.34,-199.34,-199.34,-199.34,-199.34,-199.34,-199.34,-199.34,-199.34,-199.34,-199.34,-199.34,-199.34,-199.34,-199.34,-199.34,-199.34,-199.34,-199.34,-199.34,-199.34,-199.34,-199.34,-199.34,-199.34,-199.34,-199.34,-199.34,-199.34,-199.34,-199.34,-199.34,-199.34,-199.34,-199.34,-199.34,-199.34,-199.34,-199.34,-199.34,-199.34,-199.34,-199.34,-199.34,-199.34,-199.34,-199.34,-199.34,-199.34,-199.34,-199.34,-199.34,-199.34,-199.34,-199.34,-199.34,-199.34,-199.34,-199.34,-199.34,-199.34,-199.34,-199.34,-199.34,-199.34,-199.34,-199.34,-199.34
-201.23,-201.23,-201.23,-201.23,-201.23,-201.23,-201.23,-201.23,-201.23,-201.23,-201.23,-201.23,-201.23,-201.23,-201.23,-201.23,-201.23,-201.23,-201.23,-201.23,-201.23,-201.23,-201.23,-201.23,-201.23,-201.23,-201.23,-201.23,-201.23,-201.23,-201.23,-201.23,-201.23,-201.23,-201.23,-201.23,-201.23,-201.23,-201.23,-201.23,-201.23,-201.23,-201.23,-201.23,-201.23,-201.23,-201.23,-201.23,-201.23,-201.23,-201.23,-201.23,-201.23,-201.23,-201.23,-201.23,-201.23,-201.23,-201.23,-201.23,-201.23,-201.23,-201.23,-201.23,-201.23,-201.23,-201.23,-201.23,-201.23,-201.23,-201.23,-201.23,-201.23,-201.23,-201.23,-201.23,-201.23,-201.23,-201.23,-201.23,-201.23,-201.23,-201.23,-201.23,-201.23,-201.23,-201.23,-201.23,-201.23,-201.23,-201.23,-201.23,-201.23,-201.23,-201.23,-201.23,-201.23,-201.23,-201.23,-201.23
-203.15,-203.15,-203.15,-203.15,-203.15,-203.15,-203.15,-203.15,-203.15,-203.15,-203.15,-203.15,-203.15,-203.15,-203.15,-203.15,-203.15,-203.15,-203.15,-203.15,-203.15,-203.15,-203.15,-203.15,-203.15,-203.15,-203.15,-203.15,-203.15,-203.15,-203.15,-203.15,-203.15,-203.15,-203.15,-203.15,-203.15,-203.15,-203.15,-203.15,-203.15,-203.15,-203.15,-203.15,-203.15,-203.15,-203.15,-203.15,-203.15,-203.15,-203.15,-203.15,-203.15,-203.15,-203.15,-203.15,-203.15,-203.15,-203.15,-203.15,-203.15,-203.15,-203.15,-203.15,-203.15,-203.15,-203.15,-203.15,-203.15,-203.15,-203.15,-203.15,-203.15,-203.15,-203.15,-203.15,-203.15,-203.15,-203.15,-203.15,-203.15,-203.15,-203.15,-203.15,-203.15,-203.15,-203.15,-203.15,-203.15,-203.15,-203.15,-203.15,-203.15,-203.15,-203.15,-203.15,-203.15,-203.15,-203.15,-203.15
-205.66,-205.66,-205.66,-205.66,-205.66,-205.66,-205.66,-205.66,-205.66,-205.66,-205.66,-205.66,-205.66,-205.66,-205.66,-205.66,-205.66,-205.66,-205.66,-205.66,-205.66,-205.66,-205.66,-205.66,-205.66,-205.66,-205.66,-205.66,-205.66,-205.66,-205.66,-205.66,-205.66,-205.66,-205.66,-205.66,-205.66,-205.66,-205.66,-205.66,-205.66,-205.66,-205.66,-205.66,-205.66,-205.66,-205.66,-205.66,-205.66,-205.66,-205.66,-205.66,-205.66,-205.66,-205.66,-205.66,-205.66,-205.66,-205.66,-205.66,-205.66,-205.66,-205.66,-205.66,-205.66,-205.66,-205.66,-205.66,-205.66,-205.66,-205.66,-205.66,-205.66,-205.66,-205.66,-205.66,-205.66,-205.66,-205.66,-205.66,-205.66,-205.66,-205.66,-205.66,-205.66,-205.66,-205.66,-205.66,-205.66,-205.66,-205.66,-205.66,-205.66,-205.66,-205.66,-205.66,-205.66,-205.66,-205.66,-205.66
-206.92,-206.92,-206.92,-206.92,-206.92,-206.92,-206.92,-206.92,-206.92,-206.92,-206.92,-206.92,-206.92,-206.92,-206.92,-206.92,-206.92,-206.92,-206.92,-206.92,-206.92,-206.92,-206.92,-206.92,-206.92,-206.92,-206.92,-206.92,-206.92,-206.92,-206.92,-206.92,-206.92,-206.92,-206.92,-206.92,-206.92,-206.92,-206.92,-206.92,-206.92,-206.92,-206.92,-206.92,-206.92,-206.92,-206.92,-206.92,-206.92,-206.92,-206.92,-206.92,-206.92,-206.92,-206.92,-206.92,-206.92,-206.92,-206.92,-206.92,-206.92,-206.92,-206.92,-206.92,-206.92,-206.92,-206.92,-206.92,-206.92,-206.92,-206.92,-206.92,-206.92,-206.92,-206.92,-206.92,-206.92,-206.92,-206.92,-206.92,-206.92,-206.92,-206.92,-206.92,-206.92,-206.92,-206.92,-206.92,-206.92,-206.92,-206.92,-206.92,-206.92,-206.92,-206.92,-206.92,-206.92,-206.92,-206.92,-206.92
-208.09,-208.09,-208.09,-208.09,-208.09,-208.09,-208.09,-208.09,-208.09,-208.09,-208.09,-208.09,-208.09,-208.09,-208.09,-208.09,-208.09,-208.09,-208.09,-208.09,-208.09,-208.09,-208.09,-208.09,-208.09,-208.09,-208.09,-208.09,-208.09,-208.09,-208.09,-208.09,-208.09,-208.09,-208.09,-208.09,-208.09,-208.09,-208.09,-208.09,-208.09,-208.09,-208.09,-208.09,-208.09,-208.09,-208.09,-208.09,-208.09,-208.09,-208.09,-208.09,-208.09,-208.09,-208.09,-208.09,-208.09,-208.09,-208.09,-208.09,-208.09,-208.09,-208.09,-208.09,-208.09,-208.09,-208.09,-208.09,-208.09,-208.09,-208.09,-208.09,-208.09,-208.09,-208.09,-208.09,-208.09,-208.09,-208.09,-208.09,-208.09,-208.09,-208.09,-208.09,-208.09,-208.09,-208.09,-208.09,-208.09,-208.09,-208.09,-208.09,-208.09,-208.09,-208.09,-208.09,-208.09,-208.09,-208.09,-208.09
-209.5,-209.5,-209.5,-209.5,-209.5,-209.5,-209.5,-209.5,-209.5,-209.5,-209.5,-209.5,-209.5,-209.5,-209.5,-209.5,-209.5,-209.5,-209.5,-209.5,-209.5,-209.5,-209.5,-209.5,-209.5,-209.5,-209.5,-209.5,-209.5,-209.5,-209.5,-209.5,-209.5,-209.5,-209.5,-209.5,-209.5,-209.5,-209.5,-209.5,-209.5,-209.5,-209.5,-209.5,-209.5,-209.5,-209.5,-209.5,-209.5,-209.5,-209.5,-209.5,-209.5,-209.5,-209.5,-209.5,-209.5,-209.5,-209.5,-209.5,-209.5,-209.5,-209.5,-209.5,-209.5,-209.5,-209.5,-209.5,-209.5,-209.5,-209.5,-209.5,-209.5,-209.5,-209.5,-209.5,-209.5,-209.5,-209.5,-209.5,-209.5,-209.5,-209.5,-209.5,-209.5,-209.5,-209.5,-209.5,-209.5,-209.5,-209.5,-209.5,-209.5,-209.5,-209.5,-209.5,-209.5,-209.5,-209.5,-209.5
-210.79,-210.79,-210.79,-210.79,-210.79,-210.79,-210.79,-210.79,-210.79,-210.79,-210.79,-210.79,-210.79,-210.79,-210.79,-210.79,-210.79,-210.79,-210.79,-210.79,-210.79,-210.79,-210.79,-210.79,-210.79,-210.79,-210.79,-210.79,-210.79,-210.79,-210.79,-210.79,-210.79,-210.79,-210.79,-210.79,-210.79,-210.79,-210.79,-210.79,-210.79,-210.79,-210.79,-210.79,-210.79,-210.79,-210.79,-210.79,-210.79,-210.79,-210.79,-210.79,-210.79,-210.79,-210.79,-210.79,-210.79,-210.79,-210.79,-210.79,-210.79,-210.79,-210.79,-210.79,-210.79,-210.79,-210.79,-210.79,-210.79,-210.79,-210.79,-210.79,-210.79,-210.79,-210.79,-210.79,-210.79,-210.79,-210.79,-210.79,-210.79,-210.79,-210.79,-210.79,-210.79,-210.79,-210.79,-210.79,-210.79,-210.79,-210.79,-210.79,-210.79,-210.79,-210.79,-210.79,-210.79,-210.79,-210.79,-210.79
-213.2,-213.2,-213.2,-213.2,-213.2,-213.2,-213.2,-213.2,-213.2,-213.2,-213.2,-213.2,-213.2,-213.2,-213.2,-213.2,-213.2,-213.2,-213.2,-213.2,-213.2,-213.2,-213.2,-213.2,-213.2,-213.2,-213.2,-213.2,-213.2,-213.2,-213.2,-213.2,-213.2,-213.2,-213.2,-213.2,-213.2,-213.2,-213.2,-213.2,-213.2,-213.2,-213.2,-213.2,-213.2,-213.2,-213.2,-213.2,-213.2,-213.2,-213.2,-213.2,-213.2,-213.2,-213.2,-213.2,-213.2,-213.2,-213.2,-213.2,-213.2,-213.2,-213.2,-213.2,-213.2,-213.2,-213.2,-213.2,-213.2,-213.2,-213.2,-213.2,-213.2,-213.2,-213.2,-213.2,-213.2,-213.2,-213.2,-213.2,-213.2,-213.2,-213.2,-213.2,-213.2,-213.2,-213.2,-213.2,-213.2,-213.2,-213.2,-213.2,-213.2,-213.2,-213.2,-213.2,-213.2,-213.2,-213.2,-213.2
-214.16,-214.16,-214.16,-214.16,-214.16,-214.16,-214.16,-214.16,-214.16,-214.16,-214.16,-214.16,-214.16,-214.16,-214.16,-214.16,-214.16,-214.16,-214.16,-214.16,-214.16,-214.16,-214.16,-214.16,-214.16,-214.16,-214.16,-214.16,-214.16,-214.16,-214.16,-214.16,-214.16,-214.16,-214.16,-214.16,-214.16,-214.16,-214.16,-214.16,-214.16,-214.16,-214.16,-214.16,-214.16,-214.16,-214.16,-214.16,-214.16,-214.16,-214.16,-214.16,-214.16,-214.16,-214.16,-214.16,-214.16,-214.16,-214.16,-214.16,-214.16,-214.16,-214.16,-214.16,-214.16,-214.16,-214.16,-214.16,-214.16,-214.16,-214.16,-214.16,-214.16,-214.16,-214.16,-214.16,-214.16,-214.16,-214.16,-214.16,-214.16,-214.16,-214.16,-214.16,-214.16,-214.16,-214.16,-214.16,-214.16,-214.16,-214.16,-214.16,-214.16,-214.16,-214.16,-214.16,-214.16,-214.16,-214.16,-214.16
-216.17,-216.17,-216.17,-216.17,-216.17,-216.17,-216.17,-216.17,-216.17,-216.17,-216.17,-216.17,-216.17,-216.17,-216.17,-216.17,-216.17,-216.17,-216.17,-216.17,-216.17,-216.17,-216.17,-216.17,-216.17,-216.17,-216.17,-216.17,-216.17,-216.17,-216.17,-216.17,-216.17,-216.17,-216.17,-216.17,-216.17,-216.17,-216.17,-216.17,-216.17,-216.17,-216.17,-216.17,-216.17,-216.17,-216.17,-216.17,-216.17,-216.17,-216.17,-216.17,-216.17,-216.17,-216.17,-216.17,-216.17,-216.17,-216.17,-216.17,-216.17,-216.17,-216.17,-216.17,-216.17,-216.17,-216.17,-216.17,-216.17,-216.17,-216.17,-216.17,-216.17,-216.17,-216.17,-216.17,-216.17,-216.17,-216.17,-216.17,-216.17,-216.17,-216.17,-216.17,-216.17,-216.17,-216.17,-216.17,-216.17,-216.17,-216.17,-216.17,-216.17,-216.17,-216.17,-216.17,-216.17,-216.17,-216.17,-216.17
-217.94,-217.94,-217.94,-217.94,-217.94,-217.94,-217.94,-217.94,-217.94,-217.94,-217.94,-217.94,-217.94,-217.94,-217.94,-217.94,-217.94,-217.94,-217.94,-217.94,-217.94,-217.94,-217.94,-217.94,-217.94,-217.94,-217.94,-217.94,-217.94,-217.94,-217.94,-217.94,-217.94,-217.94,-217.94,-217.94,-217.94,-217.94,-217.94,-217.94,-217.94,-217.94,-217.94,-217.94,-217.94,-217.94,-217.94,-217.94,-217.94,-217.94,-217.94,-217.94,-217.94,-217.94,-217.94,-217.94,-217.94,-217.94,-217.94,-217.94,-217.94,-217.94,-217.94,-217.94,-217.94,-217.94,-217.94,-217.94,-217.94,-217.94,-217.94,-217.94,-217.94,-217.94,-217.94,-217.94,-217.94,-217.94,-217.94,-217.94,-217.94,-217.94,-217.94,-217.94,-217.94,-217.94,-217.94,-217.94,-217.94,-217.94,-217.94,-217.94,-217.94,-217.94,-217.94,-217.94,-217.94,-217.94,-217.94,-217.94
