-22.554,-22.554,-22.554,-22.554,-22.554,-22.554,-22.554,-22.554,-22.554,-22.554,-22.554,-22.554,-22.554,-22.554,-22.554,-22.554,-22.554,-22.554,-22.554,-22.554,-22.554,-22.554,-22.554,-22.554,-22.554,-22.554,-22.554,-22.554,-22.554,-22.554,-22.554,-22.554,-22.554,-22.554,-22.554,-22.554,-22.554,-22.554,-22.554,-22.554,-22.554,-22.554,-22.554,-22.554,-22.554,-22.554,-22.554,-22.554,-22.554,-22.554,-22.554,-22.554,-22.554,-22.554,-22.554,-22.554,-22.554,-22.554,-22.554,-22.554,-22.554,-22.554,-22.554,-22.554,-22.554,-22.554,-22.554,-22.554,-22.554,-22.554,-22.554,-22.554,-22.554,-22.554,-22.554,-22.554,-22.554,-22.554,-22.554,-22.554,-22.554,-22.554,-22.554,-22.554,-22.554,-22.554,-22.554,-22.554,-22.554,-22.554,-22.554,-22.554,-22.554,-22.554,-22.554,-22.554,-22.554,-22.554,-22.554,-22.554
-29.741,-29.741,-29.741,-29.741,-29.741,-29.741,-29.741,-29.741,-29.741,-29.741,-29.741,-29.741,-29.741,-29.741,-29.741,-29.741,-29.741,-29.741,-29.741,-29.741,-29.741,-29.741,-29.741,-29.741,-29.741,-29.741,-29.741,-29.741,-29.741,-29.741,-29.741,-29.741,-29.741,-29.741,-29.741,-29.741,-29.741,-29.741,-29.741,-29.741,-29.741,-29.741,-29.741,-29.741,-29.741,-29.741,-29.741,-29.741,-29.741,-29.741,-29.741,-29.741,-29.741,-29.741,-29.741,-29.741,-29.741,-29.741,-29.741,-29.741,-29.741,-29.741,-29.741,-29.741,-29.741,-29.741,-29.741,-29.741,-29.741,-29.741,-29.741,-29.741,-29.741,-29.741,-29.741,-29.741,-29.741,-29.741,-29.741,-29.741,-29.741,-29.741,-29.741,-29.741,-29.741,-29.741,-29.741,-29.741,-29.741,-29.741,-29.741,-29.741,-29.741,-29.741,-29.741,-29.741,-29.741,-29.741,-29.741,-29.741
-37.447,-37.447,-37.447,-37.447,-37.447,-37.447,-37.447,-37.447,-37.447,-37.447,-37.447,-37.447,-37.447,-37.447,-37.447,-37.447,-37.447,-37.447,-37.447,-37.447,-37.447,-37.447,-37.447,-37.447,-37.447,-37.447,-37.447,-37.447,-37.447,-37.447,-37.447,-37.447,-37.447,-37.447,-37.447,-37.447,-37.447,-37.447,-37.447,-37.447,-37.447,-37.447,-37.447,-37.447,-37.447,-37.447,-37.447,-37.447,-37.447,-37.447,-37.447,-37.447,-37.447,-37.447,-37.447,-37.447,-37.447,-37.447,-37.447,-37.447,-37.447,-37.447,-37.447,-37.447,-37.447,-37.447,-37.447,-37.447,-37.447,-37.447,-37.447,-37.447,-37.447,-37.447,-37.447,-37.447,-37.447,-37.447,-37.447,-37.447,-37.447,-37.447,-37.447,-37.447,-37.447,-37.447,-37.447,-37.447,-37.447,-37.447,-37.447,-37.447,-37.447,-37.447,-37.447,-37.447,-37.447,-37.447,-37.447,-37.447
-45.947,-45.947,-45.947,-45.947,-45.947,-45.947,-45.947,-45.947,-45.947,-45.947,-45.947,-45.947,-45.947,-45.947,-45.947,-45.947,-45.947,-45.947,-45.947,-45.947,-45.947,-45.947,-45.947,-45.947,-45.947,-45.947,-45.947,-45.947,-45.947,-45.947,-45.947,-45.947,-45.947,-45.947,-45.947,-45.947,-45.947,-45.947,-45.947,-45.947,-45.947,-45.947,-45.947,-45.947,-45.947,-45.947,-45.947,-45.947,-45.947,-45.947,-45.947,-45.947,-45.947,-45.947,-45.947,-45.947,-45.947,-45.947,-45.947,-45.947,-45.947,-45.947,-45.947,-45.947,-45.947,-45.947,-45.947,-45.947,-45.947,-45.947,-45.947,-45.947,-45.947,-45.947,-45.947,-45.947,-45.947,-45.947,-45.947,-45.947,-45.947,-45.947,-45.947,-45.947,-45.947,-45.947,-45.947,-45.947,-45.947,-45.947,-45.947,-45.947,-45.947,-45.947,-45.947,-45.947,-45.947,-45.947,-45.947,-45.947
-53.473,-53.473,-53.473,-53.473,-53.473,-53.473,-53.473,-53.473,-53.473,-53.473,-53.473,-53.473,-53.473,-53.473,-53.473,-53.473,-53.473,-53.473,-53.473,-53.473,-53.473,-53.473,-53.473,-53.473,-53.473,-53.473,-53.473,-53.473,-53.473,-53.473,-53.473,-53.473,-53.473,-53.473,-53.473,-53.473,-53.473,-53.473,-53.473,-53.473,-53.473,-53.473,-53.473,-53.473,-53.473,-53.473,-53.473,-53.473,-53.473,-53.473,-53.473,-53.473,-53.473,-53.473,-53.473,-53.473,-53.473,-53.473,-53.473,-53.473,-53.473,-53.473,-53.473,-53.473,-53.473,-53.473,-53.473,-53.473,-53.473,-53.473,-53.473,-53.473,-53.473,-53.473,-53.473,-53.473,-53.473,-53.473,-53.473,-53.473,-53.473,-53.473,-53.473,-53.473,-53.473,-53.473,-53.473,-53.473,-53.473,-53.473,-53.473,-53.473,-53.473,-53.473,-53.473,-53.473,-53.473,-53.473,-53.473,-53.473
-58.771,-58.771,-58.771,-58.771,-58.771,-58.771,-58.771,-58.771,-58.771,-58.771,-58.771,-58.771,-58.771,-58.771,-58.771,-58.771,-58.771,-58.771,-58.771,-58.771,-58.771,-58.771,-58.771,-58.771,-58.771,-58.771,-58.771,-58.771,-58.771,-58.771,-58.771,-58.771,-58.771,-58.771,-58.771,-58.771,-58.771,-58.771,-58.771,-58.771,-58.771,-58.771,-58.771,-58.771,-58.771,-58.771,-58.771,-58.771,-58.771,-58.771,-58.771,-58.771,-58.771,-58.771,-58.771,-58.771,-58.771,-58.771,-58.771,-58.771,-58.771,-58.771,-58.771,-58.771,-58.771,-58.771,-58.771,-58.771,-58.771,-58.771,-58.771,-58.771,-58.771,-58.771,-58.771,-58.771,-58.771,-58.771,-58.771,-58.771,-58.771,-58.771,-58.771,-58.771,-58.771,-58.771,-58.771,-58.771,-58.771,-58.771,-58.771,-58.771,-58.771,-58.771,-58.771,-58.771,-58.771,-58.771,-58.771,-58.771
-64.96,-64.96,-64.96,-64.96,-64.96,-64.96,-64.96,-64.96,-64.96,-64.96,-64.96,-64.96,-64.96,-64.96,-64.96,-64.96,-64.96,-64.96,-64.96,-64.96,-64.96,-64.96,-64.96,-64.96,-64.96,-64.96,-64.96,-64.96,-64.96,-64.96,-64.96,-64.96,-64.96,-64.96,-64.96,-64.96,-64.96,-64.96,-64.96,-64.96,-64.96,-64.96,-64.96,-64.96,-64.96,-64.96,-64.96,-64.96,-64.96,-64.96,-64.96,-64.96,-64.96,-64.96,-64.96,-64.96,-64.96,-64.96,-64.96,-64.96,-64.96,-64.96,-64.96,-64.96,-64.96,-64.96,-64.96,-64.96,-64.96,-64.96,-64.96,-64.96,-64.96,-64.96,-64.96,-64.96,-64.96,-64.96,-64.96,-64.96,-64.96,-64.96,-64.96,-64.96,-64.96,-64.96,-64.96,-64.96,-64.96,-64.96,-64.96,-64.96,-64.96,-64.96,-64.96,-64.96,-64.96,-64.96,-64.96,-64.96
-69.553,-69.553,-69.553,-69.553,-69.553,-69.553,-69.553,-69.553,-69.553,-69.553,-69.553,-69.553,-69.553,-69.553,-69.553,-69.553,-69.553,-69.553,-69.553,-69.553,-69.553,-69.553,-69.553,-69.553,-69.553,-69.553,-69.553,-69.553,-69.553,-69.553,-69.553,-69.553,-69.553,-69.553,-69.553,-69.553,-69.553,-69.553,-69.553,-69.553,-69.553,-69.553,-69.553,-69.553,-69.553,-69.553,-69.553,-69.553,-69.553,-69.553,-69.553,-69.553,-69.553,-69.553,-69.553,-69.553,-69.553,-69.553,-69.553,-69.553,-69.553,-69.553,-69.553,-69.553,-69.553,-69.553,-69.553,-69.553,-69.553,-69.553,-69.553,-69.553,-69.553,-69.553,-69.553,-69.553,-69.553,-69.553,-69.553,-69.553,-69.553,-69.553,-69.553,-69.553,-69.553,-69.553,-69.553,-69.553,-69.553,-69.553,-69.553,-69.553,-69.553,-69.553,-69.553,-69.553,-69.553,-69.553,-69.553,-69.553
-75.018,-75.018,-75.018,-75.018,-75.018,-75.018,-75.018,-75.018,-75.018,-75.018,-75.018,-75.018,-75.018,-75.018,-75.018,-75.018,-75.018,-75.018,-75.018,-75.018,-75.018,-75.018,-75.018,-75.018,-75.018,-75.018,-75.018,-75.018,-75.018,-75.018,-75.018,-75.018,-75.018,-75.018,-75.018,-75.018,-75.018,-75.018,-75.018,-75.018,-75.018,-75.018,-75.018,-75.018,-75.018,-75.018,-75.018,-75.018,-75.018,-75.018,-75.018,-75.018,-75.018,-75.018,-75.018,-75.018,-75.018,-75.018,-75.018,-75.018,-75.018,-75.018,-75.018,-75.018,-75.018,-75.018,-75.018,-75.018,-75.018,-75.018,-75.018,-75.018,-75.018,-75.018,-75.018,-75.018,-75.018,-75.018,-75.018,-75.018,-75.018,-75.018,-75.018,-75.018,-75.018,-75.018,-75.018,-75.018,-75.018,-75.018,-75.018,-75.018,-75.018,-75.018,-75.018,-75.018,-75.018,-75.018,-75.018,-75.018
-77.718,-77.718,-77.718,-77.718,-77.718,-77.718,-77.718,-77.718,-77.718,-77.718,-77.718,-77.718,-77.718,-77.718,-77.718,-77.718,-77.718,-77.718,-77.718,-77.718,-77.718,-77.718,-77.718,-77.718,-77.718,-77.718,-77.718,-77.718,-77.718,-77.718,-77.718,-77.718,-77.718,-77.718,-77.718,-77.718,-77.718,-77.718,-77.718,-77.718,-77.718,-77.718,-77.718,-77.718,-77.718,-77.718,-77.718,-77.718,-77.718,-77.718,-77.718,-77.718,-77.718,-77.718,-77.718,-77.718,-77.718,-77.718,-77.718,-77.718,-77.718,-77.718,-77.718,-77.718,-77.718,-77.718,-77.718,-77.718,-77.718,-77.718,-77.718,-77.718,-77.718,-77.718,-77.718,-77.718,-77.718,-77.718,-77.718,-77.718,-77.718,-77.718,-77.718,-77.718,-77.718,-77.718,-77.718,-77.718,-77.718,-77.718,-77.718,-77.718,-77.718,-77.718,-77.718,-77.718,-77.718,-77.718,-77.718,-77.718
-84.515,-84.515,-84.515,-84.515,-84.515,-84.515,-84.515,-84.515,-84.515,-84.515,-84.515,-84.515,-84.515,-84.515,-84.515,-84.515,-84.515,-84.515,-84.515,-84.515,-84.515,-84.515,-84.515,-84.515,-84.515,-84.515,-84.515,-84.515,-84.515,-84.515,-84.515,-84.515,-84.515,-84.515,-84.515,-84.515,-84.515,-84.515,-84.515,-84.515,-84.515,-84.515,-84.515,-84.515,-84.515,-84.515,-84.515,-84.515,-84.515,-84.515,-84.515,-84.515,-84.515,-84.515,-84.515,-84.515,-84.515,-84.515,-84.515,-84.515,-84.515,-84.515,-84.515,-84.515,-84.515,-84.515,-84.515,-84.515,-84.515,-84.515,-84.515,-84.515,-84.515,-84.515,-84.515,-84.515,-84.515,-84.515,-84.515,-84.515,-84.515,-84.515,-84.515,-84.515,-84.515,-84.515,-84.515,-84.515,-84.515,-84.515,-84.515,-84.515,-84.515,-84.515,-84.515,-84.515,-84.515,-84.515,-84.515,-84.515
-85.525,-85.525,-85.525,-85.525,-85.525,-85.525,-85.525,-85.525,-85.525,-85.525,-85.525,-85.525,-85.525,-85.525,-85.525,-85.525,-85.525,-85.525,-85.525,-85.525,-85.525,-85.525,-85.525,-85.525,-85.525,-85.525,-85.525,-85.525,-85.525,-85.525,-85.525,-85.525,-85.525,-85.525,-85.525,-85.525,-85.525,-85.525,-85.525,-85.525,-85.525,-85.525,-85.525,-85.525,-85.525,-85.525,-85.525,-85.525,-85.525,-85.525,-85.525,-85.525,-85.525,-85.525,-85.525,-85.525,-85.525,-85.525,-85.525,-85.525,-85.525,-85.525,-85.525,-85.525,-85.525,-85.525,-85.525,-85.525,-85.525,-85.525,-85.525,-85.525,-85.525,-85.525,-85.525,-85.525,-85.525,-85.525,-85.525,-85.525,-85.525,-85.525,-85.525,-85.525,-85.525,-85.525,-85.525,-85.525,-85.525,-85.525,-85.525,-85.525,-85.525,-85.525,-85.525,-85.525,-85.525,-85.525,-85.525,-85.525
-92.619,-92.619,-92.619,-92.619,-92.619,-92.619,-92.619,-92.619,-92.619,-92.619,-92.619,-92.619,-92.619,-92.619,-92.619,-92.619,-92.619,-92.619,-92.619,-92.619,-92.619,-92.619,-92.619,-92.619,-92.619,-92.619,-92.619,-92.619,-92.619,-92.619,-92.619,-92.619,-92.619,-92.619,-92.619,-92.619,-92.619,-92.619,-92.619,-92.619,-92.619,-92.619,-92.619,-92.619,-92.619,-92.619,-92.619,-92.619,-92.619,-92.619,-92.619,-92.619,-92.619,-92.619,-92.619,-92.619,-92.619,-92.619,-92.619,-92.619,-92.619,-92.619,-92.619,-92.619,-92.619,-92.619,-92.619,-92.619,-92.619,-92.619,-92.619,-92.619,-92.619,-92.619,-92.619,-92.619,-92.619,-92.619,-92.619,-92.619,-92.619,-92.619,-92.619,-92.619,-92.619,-92.619,-92.619,-92.619,-92.619,-92.619,-92.619,-92.619,-92.619,-92.619,-92.619,-92.619,-92.619,-92.619,-92.619,-92.619
-99.908,-99.908,-99.908,-99.908,-99.908,-99.908,-99.908,-99.908,-99.908,-99.908,-99.908,-99.908,-99.908,-99.908,-99.908,-99.908,-99.908,-99.908,-99.908,-99.908,-99.908,-99.908,-99.908,-99.908,-99.908,-99.908,-99.908,-99.908,-99.908,-99.908,-99.908,-99.908,-99.908,-99.908,-99.908,-99.908,-99.908,-99.908,-99.908,-99.908,-99.908,-99.908,-99.908,-99.908,-99.908,-99.908,-99.908,-99.908,-99.908,-99.908,-99.908,-99.908,-99.908,-99.908,-99.908,-99.908,-99.908,-99.908,-99.908,-99.908,-99.908,-99.908,-99.908,-99.908,-99.908,-99.908,-99.908,-99.908,-99.908,-99.908,-99.908,-99.908,-99.908,-99.908,-99.908,-99.908,-99.908,-99.908,-99.908,-99.908,-99.908,-99.908,-99.908,-99.908,-99.908,-99.908,-99.908,-99.908,-99.908,-99.908,-99.908,-99.908,-99.908,-99.908,-99.908,-99.908,-99.908,-99.908,-99.908,-99.908
-108.24,-108.24,-108.24,-108.24,-108.24,-108.24,-108.24,-108.24,-108.24,-108.24,-108.24,-108.24,-108.24,-108.24,-108.24,-108.24,-108.24,-108.24,-108.24,-108.24,-108.24,-108.24,-108.24,-108.24,-108.24,-108.24,-108.24,-108.24,-108.24,-108.24,-108.24,-108.24,-108.24,-108.24,-108.24,-108.24,-108.24,-108.24,-108.24,-108.24,-108.24,-108.24,-108.24,-108.24,-108.24,-108.24,-108.24,-108.24,-108.24,-108.24,-108.24,-108.24,-108.24,-108.24,-108.24,-108.24,-108.24,-108.24,-108.24,-108.24,-108.24,-108.24,-108.24,-108.24,-108.24,-108.24,-108.24,-108.24,-108.24,-108.24,-108.24,-108.24,-108.24,-108.24,-108.24,-108.24,-108.24,-108.24,-108.24,-108.24,-108.24,-108.24,-108.24,-108.24,-108.24,-108.24,-108.24,-108.24,-108.24,-108.24,-108.24,-108.24,-108.24,-108.24,-108.24,-108.24,-108.24,-108.24,-108.24,-108.24
-115.35,-115.35,-115.35,-115.35,-115.35,-115.35,-115.35,-115.35,-115.35,-115.35,-115.35,-115.35,-115.35,-115.35,-115.35,-115.35,-115.35,-115.35,-115.35,-115.35,-115.35,-115.35,-115.35,-115.35,-115.35,-115.35,-115.35,-115.35,-115.35,-115.35,-115.35,-115.35,-115.35,-115.35,-115.35,-115.35,-115.35,-115.35,-115.35,-115.35,-115.35,-115.35,-115.35,-115.35,-115.35,-115.35,-115.35,-115.35,-115.35,-115.35,-115.35,-115.35,-115.35,-115.35,-115.35,-115.35,-115.35,-115.35,-115.35,-115.35,-115.35,-115.35,-115.35,-115.35,-115.35,-115.35,-115.35,-115.35,-115.35,-115.35,-115.35,-115.35,-115.35,-115.35,-115.35,-115.35,-115.35,-115.35,-115.35,-115.35,-115.35,-115.35,-115.35,-115.35,-115.35,-115.35,-115.35,-115.35,-115.35,-115.35,-115.35,-115.35,-115.35,-115.35,-115.35,-115.35,-115.35,-115.35,-115.35,-115.35
-118.76,-118.76,-118.76,-118.76,-118.76,-118.76,-118.76,-118.76,-118.76,-118.76,-118.76,-118.76,-118.76,-118.76,-118.76,-118.76,-118.76,-118.76,-118.76,-118.76,-118.76,-118.76,-118.76,-118.76,-118.76,-118.76,-118.76,-118.76,-118.76,-118.76,-118.76,-118.76,-118.76,-118.76,-118.76,-118.76,-118.76,-118.76,-118.76,-118.76,-118.76,-118.76,-118.76,-118.76,-118.76,-118.76,-118.76,-118.76,-118.76,-118.76,-118.76,-118.76,-118.76,-118.76,-118.76,-118.76,-118.76,-118.76,-118.76,-118.76,-118.76,-118.76,-118.76,-118.76,-118.76,-118.76,-118.76,-118.76,-118.76,-118.76,-118.76,-118.76,-118.76,-118.76,-118.76,-118.76,-118.76,-118.76,-118.76,-118.76,-118.76,-118.76,-118.76,-118.76,-118.76,-118.76,-118.76,-118.76,-118.76,-118.76,-118.76,-118.76,-118.76,-118.76,-118.76,-118.76,-118.76,-118.76,-118.76,-118.76
-125.14,-125.14,-125.14,-125.14,-125.14,-125.14,-125.14,-125.14,-125.14,-125.14,-125.14,-125.14,-125.14,-125.14,-125.14,-125.14,-125.14,-125.14,-125.14,-125.14,-125.14,-125.14,-125.14,-125.14,-125.14,-125.14,-125.14,-125.14,-125.14,-125.14,-125.14,-125.14,-125.14,-125.14,-125.14,-125.14,-125.14,-125.14,-125.14,-125.14,-125.14,-125.14,-125.14,-125.14,-125.14,-125.14,-125.14,-125.14,-125.14,-125.14,-125.14,-125.14,-125.14,-125.14,-125.14,-125.14,-125.14,-125.14,-125.14,-125.14,-125.14,-125.14,-125.14,-125.14,-125.14,-125.14,-125.14,-125.14,-125.14,-125.14,-125.14,-125.14,-125.14,-125.14,-125.14,-125.14,-125.14,-125.14,-125.14,-125.14,-125.14,-125.14,-125.14,-125.14,-125.14,-125.14,-125.14,-125.14,-125.14,-125.14,-125.14,-125.14,-125.14,-125.14,-125.14,-125.14,-125.14,-125.14,-125.14,-125.14
-127.23,-127.23,-127.23,-127.23,-127.23,-127.23,-127.23,-127.23,-127.23,-127.23,-127.23,-127.23,-127.23,-127.23,-127.23,-127.23,-127.23,-127.23,-127.23,-127.23,-127.23,-127.23,-127.23,-127.23,-127.23,-127.23,-127.23,-127.23,-127.23,-127.23,-127.23,-127.23,-127.23,-127.23,-127.23,-127.23,-127.23,-127.23,-127.23,-127.23,-127.23,-127.23,-127.23,-127.23,-127.23,-127.23,-127.23,-127.23,-127.23,-127.23,-127.23,-127.23,-127.23,-127.23,-127.23,-127.23,-127.23,-127.23,-127.23,-127.23,-127.23,-127.23,-127.23,-127.23,-127.23,-127.23,-127.23,-127.23,-127.23,-127.23,-127.23,-127.23,-127.23,-127.23,-127.23,-127.23,-127.23,-127.23,-127.23,-127.23,-127.23,-127.23,-127.23,-127.23,-127.23,-127.23,-127.23,-127.23,-127.23,-127.23,-127.23,-127.23,-127.23,-127.23,-127.23,-127.23,-127.23,-127.23,-127.23,-127.23
-131.92,-131.92,-131.92,-131.92,-131.92,-131.92,-131.92,-131.92,-131.92,-131.92,-131.92,-131.92,-131.92,-131.92,-131.92,-131.92,-131.92,-131.92,-131.92,-131.92,-131.92,-131.92,-131.92,-131.92,-131.92,-131.92,-131.92,-131.92,-131.92,-131.92,-131.92,-131.92,-131.92,-131.92,-131.92,-131.92,-131.92,-131.92,-131.92,-131.92,-131.92,-131.92,-131.92,-131.92,-131.92,-131.92,-131.92,-131.92,-131.92,-131.92,-131.92,-131.92,-131.92,-131.92,-131.92,-131.92,-131.92,-131.92,-131.92,-131.92,-131.92,-131.92,-131.92,-131.92,-131.92,-131.92,-131.92,-131.92,-131.92,-131.92,-131.92,-131.92,-131.92,-131.92,-131.92,-131.92,-131.92,-131.92,-131.92,-131.92,-131.92,-131.92,-131.92,-131.92,-131.92,-131.92,-131.92,-131.92,-131.92,-131.92,-131.92,-131.92,-131.92,-131.92,-131.92,-131.92,-131.92,-131.92,-131.92,-131.92
-133.43,-133.43,-133.43,-133.43,-133.43,-133.43,-133.43,-133.43,-133.43,-133.43,-133.43,-133.43,-133.43,-133.43,-133.43,-133.43,-133.43,-133.43,-133.43,-133.43,-133.43,-133.43,-133.43,-133.43,-133.43,-133.43,-133.43,-133.43,-133.43,-133.43,-133.43,-133.43,-133.43,-133.43,-133.43,-133.43,-133.43,-133.43,-133.43,-133.43,-133.43,-133.43,-133.43,-133.43,-133.43,-133.43,-133.43,-133.43,-133.43,-133.43,-133.43,-133.43,-133.43,-133.43,-133.43,-133.43,-133.43,-133.43,-133.43,-133.43,-133.43,-133.43,-133.43,-133.43,-133.43,-133.43,-133.43,-133.43,-133.43,-133.43,-133.43,-133.43,-133.43,-133.43,-133.43,-133.43,-133.43,-133.43,-133.43,-133.43,-133.43,-133.43,-133.43,-133.43,-133.43,-133.43,-133.43,-133.43,-133.43,-133.43,-133.43,-133.43,-133.43,-133.43,-133.43,-133.43,-133.43,-133.43,-133.43,-133.43
-137.75,-137.75,-137.75,-137.75,-137.75,-137.75,-137.75,-137.75,-137.75,-137.75,-137.75,-137.75,-137.75,-137.75,-137.75,-137.75,-137.75,-137.75,-137.75,-137.75,-137.75,-137.75,-137.75,-137.75,-137.75,-137.75,-137.75,-137.75,-137.75,-137.75,-137.75,-137.75,-137.75,-137.75,-137.75,-137.75,-137.75,-137.75,-137.75,-137.75,-137.75,-137.75,-137.75,-137.75,-137.75,-137.75,-137.75,-137.75,-137.75,-137.75,-137.75,-137.75,-137.75,-137.75,-137.75,-137.75,-137.75,-137.75,-137.75,-137.75,-137.75,-137.75,-137.75,-137.75,-137.75,-137.75,-137.75,-137.75,-137.75,-137.75,-137.75,-137.75,-137.75,-137.75,-137.75,-137.75,-137.75,-137.75,-137.75,-137.75,-137.75,-137.75,-137.75,-137.75,-137.75,-137.75,-137.75,-137.75,-137.75,-137.75,-137.75,-137.75,-137.75,-137.75,-137.75,-137.75,-137.75,-137.75,-137.75,-137.75
-140.45,-140.45,-140.45,-140.45,-140.45,-140.45,-140.45,-140.45,-140.45,-140.45,-140.45,-140.45,-140.45,-140.45,-140.45,-140.45,-140.45,-140.45,-140.45,-140.45,-140.45,-140.45,-140.45,-140.45,-140.45,-140.45,-140.45,-140.45,-140.45,-140.45,-140.45,-140.45,-140.45,-140.45,-140.45,-140.45,-140.45,-140.45,-140.45,-140.45,-140.45,-140.45,-140.45,-140.45,-140.45,-140.45,-140.45,-140.45,-140.45,-140.45,-140.45,-140.45,-140.45,-140.45,-140.45,-140.45,-140.45,-140.45,-140.45,-140.45,-140.45,-140.45,-140.45,-140.45,-140.45,-140.45,-140.45,-140.45,-140.45,-140.45,-140.45,-140.45,-140.45,-140.45,-140.45,-140.45,-140.45,-140.45,-140.45,-140.45,-140.45,-140.45,-140.45,-140.45,-140.45,-140.45,-140.45,-140.45,-140.45,-140.45,-140.45,-140.45,-140.45,-140.45,-140.45,-140.45,-140.45,-140.45,-140.45,-140.45
-142.2,-142.2,-142.2,-142.2,-142.2,-142.2,-142.2,-142.2,-142.2,-142.2,-142.2,-142.2,-142.2,-142.2,-142.2,-142.2,-142.2,-142.2,-142.2,-142.2,-142.2,-142.2,-142.2,-142.2,-142.2,-142.2,-142.2,-142.2,-142.2,-142.2,-142.2,-142.2,-142.2,-142.2,-142.2,-142.2,-142.2,-142.2,-142.2,-142.2,-142.2,-142.2,-142.2,-142.2,-142.2,-142.2,-142.2,-142.2,-142.2,-142.2,-142.2,-142.2,-142.2,-142.2,-142.2,-142.2,-142.2,-142.2,-142.2,-142.2,-142.2,-142.2,-142.2,-142.2,-142.2,-142.2,-142.2,-142.2,-142.2,-142.2,-142.2,-142.2,-142.2,-142.2,-142.2,-142.2,-142.2,-142.2,-142.2,-142.2,-142.2,-142.2,-142.2,-142.2,-142.2,-142.2,-142.2,-142.2,-142.2,-142.2,-142.2,-142.2,-142.2,-142.2,-142.2,-142.2,-142.2,-142.2,-142.2,-142.2
-145.25,-145.25,-145.25,-145.25,-145.25,-145.25,-145.25,-145.25,-145.25,-145.25,-145.25,-145.25,-145.25,-145.25,-145.25,-145.25,-145.25,-145.25,-145.25,-145.25,-145.25,-145.25,-145.25,-145.25,-145.25,-145.25,-145.25,-145.25,-145.25,-145.25,-145.25,-145.25,-145.25,-145.25,-145.25,-145.25,-145.25,-145.25,-145.25,-145.25,-145.25,-145.25,-145.25,-145.25,-145.25,-145.25,-145.25,-145.25,-145.25,-145.25,-145.25,-145.25,-145.25,-145.25,-145.25,-145.25,-145.25,-145.25,-145.25,-145.25,-145.25,-145.25,-145.25,-145.25,-145.25,-145.25,-145.25,-145.25,-145.25,-145.25,-145.25,-145.25,-145.25,-145.25,-145.25,-145.25,-145.25,-145.25,-145.25,-145.25,-145.25,-145.25,-145.25,-145.25,-145.25,-145.25,-145.25,-145.25,-145.25,-145.25,-145.25,-145.25,-145.25,-145.25,-145.25,-145.25,-145.25,-145.25,-145.25,-145.25
-148.69,-148.69,-148.69,-148.69,-148.69,-148.69,-148.69,-148.69,-148.69,-148.69,-148.69,-148.69,-148.69,-148.69,-148.69,-148.69,-148.69,-148.69,-148.69,-148.69,-148.69,-148.69,-148.69,-148.69,-148.69,-148.69,-148.69,-148.69,-148.69,-148.69,-148.69,-148.69,-148.69,-148.69,-148.69,-148.69,-148.69,-148.69,-148.69,-148.69,-148.69,-148.69,-148.69,-148.69,-148.69,-148.69,-148.69,-148.69,-148.69,-148.69,-148.69,-148.69,-148.69,-148.69,-148.69,-148.69,-148.69,-148.69,-148.69,-148.69,-148.69,-148.69,-148.69,-148.69,-148.69,-148.69,-148.69,-148.69,-148.69,-148.69,-148.69,-148.69,-148.69,-148.69,-148.69,-148.69,-148.69,-148.69,-148.69,-148.69,-148.69,-148.69,-148.69,-148.69,-148.69,-148.69,-148.69,-148.69,-148.69,-148.69,-148.69,-148.69,-148.69,-148.69,-148.69,-148.69,-148.69,-148.69,-148.69,-148.69
-151.14,-151.14,-151.14,-151.14,-151.14,-151.14,-151.14,-151.14,-151.14,-151.14,-151.14,-151.14,-151.14,-151.14,-151.14,-151.14,-151.14,-151.14,-151.14,-151.14,-151.14,-151.14,-151.14,-151.14,-151.14,-151.14,-151.14,-151.14,-151.14,-151.14,-151.14,-151.14,-151.14,-151.14,-151.14,-151.14,-151.14,-151.14,-151.14,-151.14,-151.14,-151.14,-151.14,-151.14,-151.14,-151.14,-151.14,-151.14,-151.14,-151.14,-151.14,-151.14,-151.14,-151.14,-151.14,-151.14,-151.14,-151.14,-151.14,-151.14,-151.14,-151.14,-151.14,-151.14,-151.14,-151.14,-151.14,-151.14,-151.14,-151.14,-151.14,-151.14,-151.14,-151.14,-151.14,-151.14,-151.14,-151.14,-151.14,-151.14,-151.14,-151.14,-151.14,-151.14,-151.14,-151.14,-151.14,-151.14,-151.14,-151.14,-151.14,-151.14,-151.14,-151.14,-151.14,-151.14,-151.14,-151.14,-151.14,-151.14
-153.46,-153.46,-153.46,-153.46,-153.46,-153.46,-153.46,-153.46,-153.46,-153.46,-153.46,-153.46,-153.46,-153.46,-153.46,-153.46,-153.46,-153.46,-153.46,-153.46,-153.46,-153.46,-153.46,-153.46,-153.46,-153.46,-153.46,-153.46,-153.46,-153.46,-153.46,-153.46,-153.46,-153.46,-153.46,-153.46,-153.46,-153.46,-153.46,-153.46,-153.46,-153.46,-153.46,-153.46,-153.46,-153.46,-153.46,-153.46,-153.46,-153.46,-153.46,-153.46,-153.46,-153.46,-153.46,-153.46,-153.46,-153.46,-153.46,-153.46,-153.46,-153.46,-153.46,-153.46,-153.46,-153.46,-153.46,-153.46,-153.46,-153.46,-153.46,-153.46,-153.46,-153.46,-153.46,-153.46,-153.46,-153.46,-153.46,-153.46,-153.46,-153.46,-153.46,-153.46,-153.46,-153.46,-153.46,-153.46,-153.46,-153.46,-153.46,-153.46,-153.46,-153.46,-153.46,-153.46,-153.46,-153.46,-153.46,-153.46
-157.3,-157.3,-157.3,-157.3,-157.3,-157.3,-157.3,-157.3,-157.3,-157.3,-157.3,-157.3,-157.3,-157.3,-157.3,-157.3,-157.3,-157.3,-157.3,-157.3,-157.3,-157.3,-157.3,-157.3,-157.3,-157.3,-157.3,-157.3,-157.3,-157.3,-157.3,-157.3,-157.3,-157.3,-157.3,-157.3,-157.3,-157.3,-157.3,-157.3,-157.3,-157.3,-157.3,-157.3,-157.3,-157.3,-157.3,-157.3,-157.3,-157.3,-157.3,-157.3,-157.3,-157.3,-157.3,-157.3,-157.3,-157.3,-157.3,-157.3,-157.3,-157.3,-157.3,-157.3,-157.3,-157.3,-157.3,-157.3,-157.3,-157.3,-157.3,-157.3,-157.3,-157.3,-157.3,-157.3,-157.3,-157.3,-157.3,-157.3,-157.3,-157.3,-157.3,-157.3,-157.3,-157.3,-157.3,-157.3,-157.3,-157.3,-157.3,-157.3,-157.3,-157.3,-157.3,-157.3,-157.3,-157.3,-157.3,-157.3
-160.8,-160.8,-160.8,-160.8,-160.8,-160.8,-160.8,-160.8,-160.8,-160.8,-160.8,-160.8,-160.8,-160.8,-160.8,-160.8,-160.8,-160.8,-160.8,-160.8,-160.8,-160.8,-160.8,-160.8,-160.8,-160.8,-160.8,-160.8,-160.8,-160.8,-160.8,-160.8,-160.8,-160.8,-160.8,-160.8,-160.8,-160.8,-160.8,-160.8,-160.8,-160.8,-160.8,-160.8,-160.8,-160.8,-160.8,-160.8,-160.8,-160.8,-160.8,-160.8,-160.8,-160.8,-160.8,-160.8,-160.8,-160.8,-160.8,-160.8,-160.8,-160.8,-160.8,-160.8,-160.8,-160.8,-160.8,-160.8,-160.8,-160.8,-160.8,-160.8,-160.8,-160.8,-160.8,-160.8,-160.8,-160.8,-160.8,-160.8,-160.8,-160.8,-160.8,-160.8,-160.8,-160.8,-160.8,-160.8,-160.8,-160.8,-160.8,-160.8,-160.8,-160.8,-160.8,-160.8,-160.8,-160.8,-160.8,-160.8
-165.5,-165.5,-165.5,-165.5,-165.5,-165.5,-165.5,-165.5,-165.5,-165.5,-165.5,-165.5,-165.5,-165.5,-165.5,-165.5,-165.5,-165.5,-165.5,-165.5,-165.5,-165.5,-165.5,-165.5,-165.5,-165.5,-165.5,-165.5,-165.5,-165.5,-165.5,-165.5,-165.5,-165.5,-165.5,-165.5,-165.5,-165.5,-165.5,-165.5,-165.5,-165.5,-165.5,-165.5,-165.5,-165.5,-165.5,-165.5,-165.5,-165.5,-165.5,-165.5,-165.5,-165.5,-165.5,-165.5,-165.5,-165.5,-165.5,-165.5,-165.5,-165.5,-165.5,-165.5,-165.5,-165.5,-165.5,-165.5,-165.5,-165.5,-165.5,-165.5,-165.5,-165.5,-165.5,-165.5,-165.5,-165.5,-165.5,-165.5,-165.5,-165.5,-165.5,-165.5,-165.5,-165.5,-165.5,-165.5,-165.5,-165.5,-165.5,-165.5,-165.5,-165.5,-165.5,-165.5,-165.5,-165.5,-165.5,-165.5
-168.37,-168.37,-168.37,-168.37,-168.37,-168.37,-168.37,-168.37,-168.37,-168.37,-168.37,-168.37,-168.37,-168.37,-168.37,-168.37,-168.37,-168.37,-168.37,-168.37,-168.37,-168.37,-168.37,-168.37,-168.37,-168.37,-168.37,-168.37,-168.37,-168.37,-168.37,-168.37,-168.37,-168.37,-168.37,-168.37,-168.37,-168.37,-168.37,-168.37,-168.37,-168.37,-168.37,-168.37,-168.37,-168.37,-168.37,-168.37,-168.37,-168.37,-168.37,-168.37,-168.37,-168.37,-168.37,-168.37,-168.37,-168.37,-168.37,-168.37,-168.37,-168.37,-168.37,-168.37,-168.37,-168.37,-168.37,-168.37,-168.37,-168.37,-168.37,-168.37,-168.37,-168.37,-168.37,-168.37,-168.37,-168.37,-168.37,-168.37,-168.37,-168.37,-168.37,-168.37,-168.37,-168.37,-168.37,-168.37,-168.37,-168.37,-168.37,-168.37,-168.37,-168.37,-168.37,-168.37,-168.37,-168.37,-168.37,-168.37
-174.87,-174.87,-174.87,-174.87,-174.87,-174.87,-174.87,-174.87,-174.87,-174.87,-174.87,-174.87,-174.87,-174.87,-174.87,-174.87,-174.87,-174.87,-174.87,-174.87,-174.87,-174.87,-174.87,-174.87,-174.87,-174.87,-174.87,-174.87,-174.87,-174.87,-174.87,-174.87,-174.87,-174.87,-174.87,-174.87,-174.87,-174.87,-174.87,-174.87,-174.87,-174.87,-174.87,-174.87,-174.87,-174.87,-174.87,-174.87,-174.87,-174.87,-174.87,-174.87,-174.87,-174.87,-174.87,-174.87,-174.87,-174.87,-174.87,-174.87,-174.87,-174.87,-174.87,-174.87,-174.87,-174.87,-174.87,-174.87,-174.87,-174.87,-174.87,-174.87,-174.87,-174.87,-174.87,-174.87,-174.87,-174.87,-174.87,-174.87,-174.87,-174.87,-174.87,-174.87,-174.87,-174.87,-174.87,-174.87,-174.87,-174.87,-174.87,-174.87,-174.87,-174.87,-174.87,-174.87,-174.87,-174.87,-174.87,-174.87
-179.37,-179.37,-179.37,-179.37,-179.37,-179.37,-179.37,-179.37,-179.37,-179.37,-179.37,-179.37,-179.37,-179.37,-179.37,-179.37,-179.37,-179.37,-179.37,-179.37,-179.37,-179.37,-179.37,-179.37,-179.37,-179.37,-179.37,-179.37,-179.37,-179.37,-179.37,-179.37,-179.37,-179.37,-179.37,-179.37,-179.37,-179.37,-179.37,-179.37,-179.37,-179.37,-179.37,-179.37,-179.37,-179.37,-179.37,-179.37,-179.37,-179.37,-179.37,-179.37,-179.37,-179.37,-179.37,-179.37,-179.37,-179.37,-179.37,-179.37,-179.37,-179.37,-179.37,-179.37,-179.37,-179.37,-179.37,-179.37,-179.37,-179.37,-179.37,-179.37,-179.37,-179.37,-179.37,-179.37,-179.37,-179.37,-179.37,-179.37,-179.37,-179.37,-179.37,-179.37,-179.37,-179.37,-179.37,-179.37,-179.37,-179.37,-179.37,-179.37,-179.37,-179.37,-179.37,-179.37,-179.37,-179.37,-179.37,-179.37
-182.28,-182.28,-182.28,-182.28,-182.28,-182.28,-182.28,-182.28,-182.28,-182.28,-182.28,-182.28,-182.28,-182.28,-182.28,-182.28,-182.28,-182.28,-182.28,-182.28,-182.28,-182.28,-182.28,-182.28,-182.28,-182.28,-182.28,-182.28,-182.28,-182.28,-182.28,-182.28,-182.28,-182.28,-182.28,-182.28,-182.28,-182.28,-182.28,-182.28,-182.28,-182.28,-182.28,-182.28,-182.28,-182.28,-182.28,-182.28,-182.28,-182.28,-182.28,-182.28,-182.28,-182.28,-182.28,-182.28,-182.28,-182.28,-182.28,-182.28,-182.28,-182.28,-182.28,-182.28,-182.28,-182.28,-182.28,-182.28,-182.28,-182.28,-182.28,-182.28,-182.28,-182.28,-182.28,-182.28,-182.28,-182.28,-182.28,-182.28,-182.28,-182.28,-182.28,-182.28,-182.28,-182.28,-182.28,-182.28,-182.28,-182.28,-182.28,-182.28,-182.28,-182.28,-182.28,-182.28,-182.28,-182.28,-182.28,-182.28
-183.19,-183.19,-183.19,-183.19,-183.19,-183.19,-183.19,-183.19,-183.19,-183.19,-183.19,-183.19,-183.19,-183.19,-183.19,-183.19,-183.19,-183.19,-183.19,-183.19,-183.19,-183.19,-183.19,-183.19,-183.19,-183.19,-183.19,-183.19,-183.19,-183.19,-183.19,-183.19,-183.19,-183.19,-183.19,-183.19,-183.19,-183.19,-183.19,-183.19,-183.19,-183.19,-183.19,-183.19,-183.19,-183.19,-183.19,-183.19,-183.19,-183.19,-183.19,-183.19,-183.19,-183.19,-183.19,-183.19,-183.19,-183.19,-183.19,-183.19,-183.19,-183.19,-183.19,-183.19,-183.19,-183.19,-183.19,-183.19,-183.19,-183.19,-183.19,-183.19,-183.19,-183.19,-183.19,-183.19,-183.19,-183.19,-183.19,-183.19,-183.19,-183.19,-183.19,-183.19,-183.19,-183.19,-183.19,-183.19,-183.19,-183.19,-183.19,-183.19,-183.19,-183.19,-183.19,-183.19,-183.19,-183.19,-183.19,-183.19
-184.13,-184.13,-184.13,-184.13,-184.13,-184.13,-184.13,-184.13,-184.13,-184.13,-184.13,-184.13,-184.13,-184.13,-184.13,-184.13,-184.13,-184.13,-184.13,-184.13,-184.13,-184.13,-184.13,-184.13,-184.13,-184.13,-184.13,-184.13,-184.13,-184.13,-184.13,-184.13,-184.13,-184.13,-184.13,-184.13,-184.13,-184.13,-184.13,-184.13,-184.13,-184.13,-184.13,-184.13,-184.13,-184.13,-184.13,-184.13,-184.13,-184.13,-184.13,-184.13,-184.13,-184.13,-184.13,-184.13,-184.13,-184.13,-184.13,-184.13,-184.13,-184.13,-184.13,-184.13,-184.13,-184.13,-184.13,-184.13,-184.13,-184.13,-184.13,-184.13,-184.13,-184.13,-184.13,-184.13,-184.13,-184.13,-184.13,-184.13,-184.13,-184.13,-184.13,-184.13,-184.13,-184.13,-184.13,-184.13,-184.13,-184.13,-184.13,-184.13,-184.13,-184.13,-184.13,-184.13,-184.13,-184.13,-184.13,-184.13
-185.92,-185.92,-185.92,-185.92,-185.92,-185.92,-185.92,-185.92,-185.92,-185.92,-185.92,-185.92,-185.92,-185.92,-185.92,-185.92,-185.92,-185.92,-185.92,-185.92,-185.92,-185.92,-185.92,-185.92,-185.92,-185.92,-185.92,-185.92,-185.92,-185.92,-185.92,-185.92,-185.92,-185.92,-185.92,-185.92,-185.92,-185.92,-185.92,-185.92,-185.92,-185.92,-185.92,-185.92,-185.92,-185.92,-185.92,-185.92,-185.92,-185.92,-185.92,-185.92,-185.92,-185.92,-185.92,-185.92,-185.92,-185.92,-185.92,-185.92,-185.92,-185.92,-185.92,-185.92,-185.92,-185.92,-185.92,-185.92,-185.92,-185.92,-185.92,-185.92,-185.92,-185.92,-185.92,-185.92,-185.92,-185.92,-185.92,-185.92,-185.92,-185.92,-185.92,-185.92,-185.92,-185.92,-185.92,-185.92,-185.92,-185.92,-185.92,-185.92,-185.92,-185.92,-185.92,-185.92,-185.92,-185.92,-185.92,-185.92
-187.84,-187.84,-187.84,-187.84,-187.84,-187.84,-187.84,-187.84,-187.84,-187.84,-187.84,-187.84,-187.84,-187.84,-187.84,-187.84,-187.84,-187.84,-187.84,-187.84,-187.84,-187.84,-187.84,-187.84,-187.84,-187.84,-187.84,-187.84,-187.84,-187.84,-187.84,-187.84,-187.84,-187.84,-187.84,-187.84,-187.84,-187.84,-187.84,-187.84,-187.84,-187.84,-187.84,-187.84,-187.84,-187.84,-187.84,-187.84,-187.84,-187.84,-187.84,-187.84,-187.84,-187.84,-187.84,-187.84,-187.84,-187.84,-187.84,-187.84,-187.84,-187.84,-187.84,-187.84,-187.84,-187.84,-187.84,-187.84,-187.84,-187.84,-187.84,-187.84,-187.84,-187.84,-187.84,-187.84,-187.84,-187.84,-187.84,-187.84,-187.84,-187.84,-187.84,-187.84,-187.84,-187.84,-187.84,-187.84,-187.84,-187.84,-187.84,-187.84,-187.84,-187.84,-187.84,-187.84,-187.84,-187.84,-187.84,-187.84
-188.79,-188.79,-188.79,-188.79,-188.79,-188.79,-188.79,-188.79,-188.79,-188.79,-188.79,-188.79,-188.79,-188.79,-188.79,-188.79,-188.79,-188.79,-188.79,-188.79,-188.79,-188.79,-188.79,-188.79,-188.79,-188.79,-188.79,-188.79,-188.79,-188.79,-188.79,-188.79,-188.79,-188.79,-188.79,-188.79,-188.79,-188.79,-188.79,-188.79,-188.79,-188.79,-188.79,-188.79,-188.79,-188.79,-188.79,-188.79,-188.79,-188.79,-188.79,-188.79,-188.79,-188.79,-188.79,-188.79,-188.79,-188.79,-188.79,-188.79,-188.79,-188.79,-188.79,-188.79,-188.79,-188.79,-188.79,-188.79,-188.79,-188.79,-188.79,-188.79,-188.79,-188.79,-188.79,-188.79,-188.79,-188.79,-188.79,-188.79,-188.79,-188.79,-188.79,-188.79,-188.79,-188.79,-188.79,-188.79,-188.79,-188.79,-188.79,-188.79,-188.79,-188.79,-188.79,-188.79,-188.79,-188.79,-188.79,-188.79
-189.74,-189.74,-189.74,-189.74,-189.74,-189.74,-189.74,-189.74,-189.74,-189.74,-189.74,-189.74,-189.74,-189.74,-189.74,-189.74,-189.74,-189.74,-189.74,-189.74,-189.74,-189.74,-189.74,-189.74,-189.74,-189.74,-189.74,-189.74,-189.74,-189.74,-189.74,-189.74,-189.74,-189.74,-189.74,-189.74,-189.74,-189.74,-189.74,-189.74,-189.74,-189.74,-189.74,-189.74,-189.74,-189.74,-189.74,-189.74,-189.74,-189.74,-189.74,-189.74,-189.74,-189.74,-189.74,-189.74,-189.74,-189.74,-189.74,-189.74,-189.74,-189.74,-189.74,-189.74,-189.74,-189.74,-189.74,-189.74,-189.74,-189.74,-189.74,-189.74,-189.74,-189.74,-189.74,-189.74,-189.74,-189.74,-189.74,-189.74,-189.74,-189.74,-189.74,-189.74,-189.74,-189.74,-189.74,-189.74,-189.74,-189.74,-189.74,-189.74,-189.74,-189.74,-189.74,-189.74,-189.74,-189.74,-189.74,-189.74
-191.15,-191.15,-191.15,-191.15,-191.15,-191.15,-191.15,-191.15,-191.15,-191.15,-191.15,-191.15,-191.15,-191.15,-191.15,-191.15,-191.15,-191.15,-191.15,-191.15,-191.15,-191.15,-191.15,-191.15,-191.15,-191.15,-191.15,-191.15,-191.15,-191.15,-191.15,-191.15,-191.15,-191.15,-191.15,-191.15,-191.15,-191.15,-191.15,-191.15,-191.15,-191.15,-191.15,-191.15,-191.15,-191.15,-191.15,-191.15,-191.15,-191.15,-191.15,-191.15,-191.15,-191.15,-191.15,-191.15,-191.15,-191.15,-191.15,-191.15,-191.15,-191.15,-191.15,-191.15,-191.15,-191.15,-191.15,-191.15,-191.15,-191.15,-191.15,-191.15,-191.15,-191.15,-191.15,-191.15,-191.15,-191.15,-191.15,-191.15,-191.15,-191.15,-191.15,-191.15,-191.15,-191.15,-191.15,-191.15,-191.15,-191.15,-191.15,-191.15,-191.15,-191.15,-191.15,-191.15,-191.15,-191.15,-191.15,-191.15
-192.55,-192.55,-192.55,-192.55,-192.55,-192.55,-192.55,-192.55,-192.55,-192.55,-192.55,-192.55,-192.55,-192.55,-192.55,-192.55,-192.55,-192.55,-192.55,-192.55,-192.55,-192.55,-192.55,-192.55,-192.55,-192.55,-192.55,-192.55,-192.55,-192.55,-192.55,-192.55,-192.55,-192.55,-192.55,-192.55,-192.55,-192.55,-192.55,-192.55,-192.55,-192.55,-192.55,-192.55,-192.55,-192.55,-192.55,-192.55,-192.55,-192.55,-192.55,-192.55,-192.55,-192.55,-192.55,-192.55,-192.55,-192.55,-192.55,-192.55,-192.55,-192.55,-192.55,-192.55,-192.55,-192.55,-192.55,-192.55,-192.55,-192.55,-192.55,-192.55,-192.55,-192.55,-192.55,-192.55,-192.55,-192.55,-192.55,-192.55,-192.55,-192.55,-192.55,-192.55,-192.55,-192.55,-192.55,-192.55,-192.55,-192.55,-192.55,-192.55,-192.55,-192.55,-192.55,-192.55,-192.55,-192.55,-192.55,-192.55
-193.92,-193.92,-193.92,-193.92,-193.92,-193.92,-193.92,-193.92,-193.92,-193.92,-193.92,-193.92,-193.92,-193.92,-193.92,-193.92,-193.92,-193.92,-193.92,-193.92,-193.92,-193.92,-193.92,-193.92,-193.92,-193.92,-193.92,-193.92,-193.92,-193.92,-193.92,-193.92,-193.92,-193.92,-193.92,-193.92,-193.92,-193.92,-193.92,-193.92,-193.92,-193.92,-193.92,-193.92,-193.92,-193.92,-193.92,-193.92,-193.92,-193.92,-193.92,-193.92,-193.92,-193.92,-193.92,-193.92,-193.92,-193.92,-193.92,-193.92,-193.92,-193.92,-193.92,-193.92,-193.92,-193.92,-193.92,-193.92,-193.92,-193.92,-193.92,-193.92,-193.92,-193.92,-193.92,-193.92,-193.92,-193.92,-193.92,-193.92,-193.92,-193.92,-193.92,-193.92,-193.92,-193.92,-193.92,-193.92,-193.92,-193.92,-193.92,-193.92,-193.92,-193.92,-193.92,-193.92,-193.92,-193.92,-193.92,-193.92
-194.46,-194.46,-194.46,-194.46,-194.46,-194.46,-194.46,-194.46,-194.46,-194.46,-194.46,-194.46,-194.46,-194.46,-194.46,-194.46,-194.46,-194.46,-194.46,-194.46,-194.46,-194.46,-194.46,-194.46,-194.46,-194.46,-194.46,-194.46,-194.46,-194.46,-194.46,-194.46,-194.46,-194.46,-194.46,-194.46,-194.46,-194.46,-194.46,-194.46,-194.46,-194.46,-194.46,-194.46,-194.46,-194.46,-194.46,-194.46,-194.46,-194.46,-194.46,-194.46,-194.46,-194.46,-194.46,-194.46,-194.46,-194.46,-194.46,-194.46,-194.46,-194.46,-194.46,-194.46,-194.46,-194.46,-194.46,-194.46,-194.46,-194.46,-194.46,-194.46,-194.46,-194.46,-194.46,-194.46,-194.46,-194.46,-194.46,-194.46,-194.46,-194.46,-194.46,-194.46,-194.46,-194.46,-194.46,-194.46,-194.46,-194.46,-194.46,-194.46,-194.46,-194.46,-194.46,-194.46,-194.46,-194.46,-194.46,-194.46
